Date,PM2.5,PM10,NO2,NOx,CO,SO2,O3,temp,max_temp,min_temp,humid,visible
2016-01-01,56.4,95.08,51.73,34.31,0.69,7.44,55.96,20.1,28.4,15.7,54.0,6.0
2016-01-02,53.69,93.92,73.09,54.77,0.76,8.67,34.06,20.8,28.3,12.9,45.0,6.3
2016-01-03,62.35,99.34,77.77,55.6,0.96,9.1,47.62,21.4,29.0,13.7,45.0,6.3
2016-01-04,64.96,104.62,77.07,50.81,0.89,8.87,50.62,21.5,29.0,15.2,47.0,6.9
2016-01-05,70.15,105.12,79.43,56.05,0.85,9.41,36.94,20.9,28.4,14.7,51.0,6.3
2016-01-06,68.22,91.74,68.5,55.38,0.93,14.23,45.98,21.7,28.7,15.4,54.0,6.0
2016-01-07,68.74,74.3,53.25,58.6,0.79,23.65,23.19,21.0,28.7,17.0,65.0,6.3
2016-01-08,67.9,62.77,51.09,60.65,0.66,14.17,8.59,20.4,27.6,16.2,61.0,5.5
2016-01-09,79.8,74.11,64.04,86.73,0.79,14.65,10.66,20.7,28.4,15.1,47.0,6.3
2016-01-10,76.18,63.19,46.46,52.1,0.8,15.02,14.39,20.9,28.4,15.3,46.0,5.3
2016-01-11,61.48,53.24,39.43,62.48,0.78,11.53,19.51,20.9,28.1,15.0,51.0,6.9
2016-01-12,73.5,106.62,39.55,27.55,1.3,4.65,21.45,21.3,28.5,15.2,49.0,6.3
2016-01-13,70.78,160.0,55.91,37.72,1.02,10.59,24.48,20.3,28.5,15.7,51.0,6.3
2016-01-14,75.01,172.02,70.58,49.75,0.84,13.99,22.94,21.1,27.2,15.0,51.0,6.3
2016-01-15,42.84,160.87,50.76,34.73,0.78,17.8,25.71,20.6,28.2,15.2,58.0,6.3
2016-01-16,77.23,235.32,83.2,94.37,1.02,15.22,22.72,21.4,27.5,15.4,56.0,6.3
2016-01-17,68.98,149.82,110.24,147.06,0.78,14.5,17.73,21.2,28.7,16.0,61.0,5.5
2016-01-18,73.89,133.08,77.38,110.35,0.97,18.94,20.92,21.9,29.0,16.2,67.0,6.3
2016-01-19,75.45,113.92,72.62,71.08,0.98,24.0,23.09,21.4,28.4,17.8,73.0,4.8
2016-01-20,78.07,122.54,45.06,55.6,0.97,24.02,17.64,21.2,25.9,19.4,88.0,4.0
2016-01-21,53.45,62.27,34.63,50.76,0.93,18.54,20.57,22.6,27.4,19.0,78.0,5.3
2016-01-22,63.58,150.78,41.69,57.18,1.15,13.94,22.0,21.1,28.7,18.2,77.0,5.5
2016-01-23,57.91,133.63,29.72,40.25,1.08,11.77,11.02,21.6,25.3,18.5,76.0,6.3
2016-01-24,41.36,92.58,35.97,35.05,0.99,5.66,15.4,22.1,26.9,18.5,73.0,6.3
2016-01-25,51.7,121.42,51.13,35.03,1.23,7.78,18.12,22.9,29.2,18.5,70.0,5.5
2016-01-26,54.34,108.47,45.69,28.2,1.04,8.68,26.95,23.1,28.9,18.9,68.0,6.3
2016-01-27,54.33,76.37,41.42,32.76,1.05,8.73,17.6,23.4,29.3,19.0,66.0,4.8
2016-01-28,84.84,50.03,36.42,34.42,1.16,2.96,17.21,23.8,30.4,17.7,55.0,6.9
2016-01-29,87.02,83.23,36.39,23.82,1.12,3.02,26.32,23.7,31.6,17.9,56.0,6.3
2016-01-30,71.42,130.22,37.09,25.13,1.21,4.28,23.31,22.8,30.7,17.1,50.0,6.3
2016-01-31,119.16,218.27,48.59,36.49,1.32,6.07,23.3,23.1,30.7,16.4,43.0,6.3
2016-02-01,84.45,158.01,55.88,40.35,1.85,6.34,17.17,23.3,31.4,16.4,36.0,6.9
2016-02-02,76.8,159.14,55.92,41.2,1.39,5.9,15.86,23.7,31.9,16.3,35.0,6.9
2016-02-03,75.57,193.59,62.78,41.28,1.9,5.54,25.77,23.6,32.2,16.2,44.0,6.3
2016-02-04,74.6,152.36,49.76,32.57,1.6,5.13,28.21,23.4,31.2,17.3,42.0,6.9
2016-02-05,72.11,121.86,49.34,31.63,1.37,4.07,31.13,23.6,30.7,16.7,42.0,6.9
2016-02-06,63.42,169.11,45.84,25.16,1.81,3.74,32.4,22.8,29.8,16.6,55.0,6.0
2016-02-07,82.78,351.51,84.52,35.82,3.28,2.76,37.66,23.2,31.2,17.3,61.0,5.6
2016-02-08,75.98,154.26,46.99,21.56,1.59,3.49,31.18,25.2,30.5,19.2,50.0,6.9
2016-02-09,85.33,223.57,59.41,30.85,2.19,9.71,35.63,24.3,31.7,18.6,50.0,6.3
2016-02-10,84.32,256.75,46.66,26.54,2.2,14.25,49.77,24.6,31.6,18.3,48.0,7.7
2016-02-11,91.95,190.47,45.44,25.01,2.06,23.66,58.94,24.9,32.4,19.8,49.0,6.3
2016-02-12,83.66,164.48,49.77,26.13,1.7,5.25,67.3,24.7,32.4,19.6,49.0,6.3
2016-02-13,85.96,146.45,56.54,33.17,1.69,4.73,63.27,24.8,31.9,19.5,49.0,5.5
2016-02-14,62.08,113.87,43.41,39.5,1.46,3.14,57.1,24.0,32.1,19.0,48.0,6.3
2016-02-15,56.57,100.3,35.08,33.68,1.73,4.27,37.83,23.1,31.2,17.3,54.0,6.6
2016-02-16,42.58,108.68,23.5,19.24,1.51,3.45,31.32,23.9,29.8,18.7,53.0,7.7
2016-02-17,49.6,145.32,24.34,19.72,1.66,4.46,25.02,23.5,31.1,18.4,52.0,6.9
2016-02-18,54.56,138.17,19.86,17.74,1.51,4.12,29.33,23.3,30.5,19.3,63.0,6.9
2016-02-19,44.26,146.23,26.16,20.93,1.51,3.9,42.53,24.8,29.9,18.0,44.0,6.9
2016-02-20,53.12,116.89,30.94,22.89,1.47,3.2,36.37,26.2,32.5,19.6,50.0,6.9
2016-02-21,57.32,107.54,34.98,25.44,1.45,2.88,49.63,26.9,33.2,20.2,50.0,7.4
2016-02-22,90.07,127.67,32.23,22.31,1.57,3.26,38.32,27.8,34.6,21.1,39.0,6.6
2016-02-23,134.69,142.12,32.14,20.48,1.12,2.99,42.23,25.9,35.5,18.9,44.0,6.3
2016-02-24,110.05,100.07,38.67,25.42,0.94,4.85,59.43,25.9,34.2,20.5,51.0,6.3
2016-02-25,66.98,100.6,37.3,25.34,0.73,6.91,64.9,26.4,33.4,22.3,59.0,5.5
2016-02-26,51.96,102.39,28.51,22.43,0.94,5.29,37.26,24.9,33.5,20.5,58.0,6.3
2016-02-27,36.28,98.29,41.88,27.18,0.81,3.09,30.33,24.9,31.3,18.7,51.0,6.9
2016-02-28,35.63,115.9,47.36,24.09,0.79,3.52,29.08,24.3,31.8,19.9,58.0,6.9
2016-02-29,41.64,144.04,30.64,23.56,1.01,3.16,39.28,24.2,31.2,19.7,58.0,6.3
2016-03-01,39.21,154.64,42.55,51.48,0.84,3.5,37.68,24.6,30.7,18.9,55.0,6.9
2016-03-02,42.17,134.78,33.44,29.43,0.56,2.24,31.99,24.6,31.5,19.7,52.0,6.9
2016-03-03,54.91,148.57,31.09,18.25,0.58,1.91,49.42,25.3,31.7,19.6,49.0,6.3
2016-03-04,54.04,137.04,38.09,25.03,0.62,2.45,42.21,25.6,32.8,18.4,37.0,6.3
2016-03-05,55.72,132.73,31.96,18.66,1.68,2.36,38.54,25.5,34.0,18.8,45.0,6.3
2016-03-06,45.98,120.86,22.73,12.1,0.77,2.12,49.65,25.6,33.4,18.7,45.0,6.3
2016-03-07,43.69,120.32,24.23,13.82,0.58,2.05,45.07,25.4,33.4,18.7,46.0,6.9
2016-03-08,44.74,122.4,41.83,24.9,1.41,2.82,49.67,25.7,33.2,18.8,43.0,6.3
2016-03-09,51.06,150.19,47.14,30.04,0.97,4.02,38.62,26.7,34.3,19.5,44.0,6.9
2016-03-10,53.1,161.1,43.2,34.09,1.51,3.14,35.52,26.6,34.9,20.6,46.0,6.9
2016-03-11,60.7,173.24,36.11,33.16,1.03,3.61,40.0,27.2,34.3,21.1,46.0,6.9
2016-03-12,59.53,163.88,26.64,19.89,0.86,3.0,58.17,28.2,35.2,22.5,48.0,6.3
2016-03-13,64.29,144.67,21.86,14.6,0.57,2.75,68.09,27.8,35.4,22.7,57.0,6.3
2016-03-14,67.65,148.74,33.09,20.19,0.79,2.95,77.42,28.3,34.3,24.4,58.0,5.5
2016-03-15,68.48,144.33,36.46,25.68,1.28,2.93,47.78,26.2,34.4,22.4,66.0,6.3
2016-03-16,76.33,144.2,39.12,26.5,1.19,2.85,98.66,27.3,33.6,21.6,53.0,6.9
2016-03-17,72.22,151.36,25.76,18.7,0.89,3.24,39.82,27.8,34.2,22.9,53.0,6.9
2016-03-18,60.58,194.0,18.32,15.69,0.96,2.89,35.81,28.5,34.0,23.9,51.0,6.3
2016-03-19,98.29,206.35,32.29,24.48,1.22,2.53,33.32,29.0,35.2,23.3,46.0,7.4
2016-03-20,239.54,189.8,14.6,9.98,1.2,1.57,45.045,28.8,35.4,23.5,41.0,6.9
2016-03-21,121.43,164.52,59.53,35.01,0.91,2.47,56.77,29.2,36.0,24.7,45.0,6.9
2016-03-22,66.36,190.04,62.46,37.08,0.98,3.93,43.14,29.6,35.7,24.2,46.0,6.9
2016-03-23,29.73,186.28,46.26,35.81,0.52,2.38,49.68,29.2,34.4,25.0,50.0,6.0
2016-03-24,34.49,180.42,34.43,22.68,0.92,3.92,46.87,29.0,35.8,24.4,40.0,6.9
2016-03-25,32.59,183.03,28.33,14.13,0.9,3.22,55.02,27.8,35.8,22.8,40.0,6.9
2016-03-26,56.05,165.97,29.32,19.1,2.11,5.56,57.03,27.7,35.0,21.2,33.0,6.9
2016-03-27,63.5,175.45,30.19,18.63,0.82,5.39,89.88,27.8,35.1,20.7,33.0,6.9
2016-03-28,57.92,157.8,35.15,22.21,0.86,6.06,48.81,27.6,36.0,21.2,43.0,6.9
2016-03-29,48.28,162.1,23.54,15.33,0.87,3.42,40.43,28.2,35.4,21.2,43.0,7.4
2016-03-30,42.65,142.17,25.51,16.91,0.86,4.7,35.06,28.0,34.4,22.6,46.0,6.9
2016-03-31,50.78,156.52,32.46,21.42,0.82,3.72,44.42,28.0,35.0,23.0,44.0,6.9
2016-04-01,49.33,150.05,35.55,24.09,0.87,4.51,38.74,28.3,34.8,23.2,43.0,7.7
2016-04-02,51.78,159.41,36.29,25.48,0.62,2.51,34.73,28.4,35.3,23.5,46.0,6.9
2016-04-03,53.54,157.92,26.49,18.69,1.0,2.97,34.38,28.6,35.5,23.8,46.0,6.9
2016-04-04,54.8,165.25,39.97,28.58,0.85,4.65,26.66,29.1,36.0,23.8,37.0,6.9
2016-04-05,49.84,215.52,50.15,45.68,1.11,4.27,29.98,28.8,36.5,23.3,39.0,6.9
2016-04-06,63.16,254.77,52.29,24.61,1.18,3.67,43.57,29.1,36.7,23.2,47.0,6.9
2016-04-07,46.24,208.97,17.79,10.68,1.19,3.17,67.46,29.0,35.4,24.3,53.0,7.4
2016-04-08,34.18,318.02,17.37,11.52,1.03,2.2,58.76,28.7,36.3,23.1,60.0,6.9
2016-04-09,33.01,152.78,38.54,32.63,1.13,3.61,53.57,28.6,35.3,24.5,55.0,6.9
2016-04-10,31.3,144.68,19.45,13.01,1.03,2.75,62.4,28.8,33.5,23.8,55.0,8.5
2016-04-11,31.68,159.23,19.05,12.52,1.86,2.87,58.82,29.3,35.7,24.0,52.0,6.9
2016-04-12,36.98,177.82,14.71,9.61,1.25,3.1,74.34,30.2,36.4,24.4,52.0,6.9
2016-04-13,36.88,159.45,30.43,26.02,0.81,5.44,60.73,30.4,37.2,25.1,50.0,6.9
2016-04-14,35.46,224.24,31.64,23.58,1.08,3.19,109.97,31.2,37.0,25.4,45.0,6.9
2016-04-15,35.31,196.65,18.99,14.15,1.07,3.9,76.46,30.7,37.4,25.8,49.0,7.7
2016-04-16,34.85,171.26,10.08,8.09,1.02,3.06,67.25,30.4,37.4,25.2,47.0,6.9
2016-04-17,36.9,145.98,9.89,7.11,0.78,2.36,77.75,30.3,36.9,24.3,43.0,6.9
2016-04-18,38.81,158.75,16.09,11.74,1.37,2.74,49.33,29.6,37.8,24.8,46.0,6.9
2016-04-19,34.65,134.47,12.86,9.5,1.87,2.71,50.77,29.8,36.6,24.6,51.0,6.9
2016-04-20,31.89,160.06,19.53,10.82,1.65,3.82,62.54,30.4,36.8,24.8,49.0,6.9
2016-04-21,33.61,168.98,13.97,11.33,0.64,6.92,65.97,30.3,37.0,24.3,46.0,6.9
2016-04-22,34.83,130.54,10.21,9.96,0.94,4.09,48.47,29.7,37.4,24.4,50.0,6.3
2016-04-23,39.01,107.52,19.84,18.09,0.98,3.9,49.78,30.5,36.5,25.4,37.0,7.7
2016-04-24,39.53,92.73,19.55,15.68,2.09,4.16,47.44,31.4,38.0,23.6,41.0,7.4
2016-04-25,37.17,103.22,16.25,13.99,0.71,3.39,47.77,27.5,39.2,23.2,64.0,6.9
2016-04-26,39.88,68.46,21.35,16.08,0.72,3.74,56.94,29.0,37.1,22.8,48.0,7.7
2016-04-27,32.59,56.09,22.96,15.81,1.53,5.23,43.48,29.6,35.5,23.4,39.0,6.9
2016-04-28,47.42,54.05,22.55,33.44,0.6,5.65,39.29,29.6,36.7,24.5,42.0,6.9
2016-04-29,48.78,58.28,23.05,16.42,0.67,4.34,47.83,29.8,36.7,24.5,41.0,6.9
2016-04-30,46.6,59.08,20.19,21.66,0.82,4.12,53.75,30.2,37.0,24.4,41.0,6.9
2016-05-01,35.86,63.4,23.12,15.99,0.49,4.17,74.38,30.5,36.6,24.4,41.0,6.9
2016-05-02,39.87,63.61,28.17,18.17,0.62,5.62,68.49,29.3,37.3,24.7,51.0,6.9
2016-05-03,40.79,63.42,43.48,25.98,0.6,4.37,46.14,29.8,36.6,24.5,47.0,7.7
2016-05-04,57.96,56.57,32.02,18.21,0.55,4.58,45.77,29.5,36.2,25.5,49.0,6.9
2016-05-05,46.0,58.14,34.28,24.08,0.66,7.17,40.96,26.9,35.6,22.6,61.0,6.3
2016-05-06,23.99,35.12,19.03,11.43,1.15,4.1,95.21,24.9,35.5,21.5,72.0,6.3
2016-05-07,27.21,44.02,34.02,34.92,0.69,3.15,53.32,27.2,34.6,21.0,62.0,6.3
2016-05-08,26.43,42.02,75.84,64.74,0.6,2.89,52.09,25.6,33.7,21.4,72.0,6.3
2016-05-09,20.46,34.82,26.1,15.86,0.6,3.66,58.13,27.4,34.0,21.0,58.0,6.9
2016-05-10,32.5,230.2,20.91,14.43,0.99,4.01,50.62,27.5,34.0,23.4,63.0,6.9
2016-05-11,57.81,50.58,12.56,8.77,0.88,3.11,45.59,27.7,34.0,22.7,57.0,6.9
2016-05-12,31.19,54.8,14.44,13.47,0.67,3.77,54.95,26.8,33.4,23.6,64.0,6.3
2016-05-13,34.06,45.82,10.89,8.46,0.72,4.08,70.86,28.3,34.6,22.3,57.0,6.9
2016-05-14,33.05,52.87,31.46,28.58,0.61,2.78,53.86,28.9,34.6,23.5,58.0,6.9
2016-05-15,28.39,46.27,11.86,9.25,0.46,2.94,41.46,28.8,35.1,24.6,51.0,6.9
2016-05-16,27.01,39.39,18.35,15.54,0.91,4.16,22.93,27.0,34.5,23.8,67.0,6.9
2016-05-17,36.67,42.55,21.65,15.22,0.61,3.71,20.18,26.1,30.6,23.9,66.0,6.9
2016-05-18,27.51,41.15,23.46,20.58,0.47,5.04,20.14,23.7,28.3,20.4,75.0,6.3
2016-05-19,28.47,29.97,5.53,4.62,0.56,4.42,32.59,24.6,28.9,20.0,78.0,6.9
2016-05-20,22.27,33.48,10.54,6.35,0.52,3.81,30.79,25.3,30.0,19.6,78.0,6.9
2016-05-21,42.52,41.96,8.91,5.78,0.42,4.46,29.76,26.1,32.2,20.9,70.0,6.6
2016-05-22,152.94,43.16,9.86,5.87,1.08,3.36,27.96,27.6,33.0,21.9,70.0,6.9
2016-05-23,28.65,52.72,11.01,6.74,0.78,3.91,32.6,27.9,33.3,22.4,63.0,6.9
2016-05-24,25.75,40.98,6.83,4.57,0.42,4.91,31.86,28.1,34.1,22.7,61.0,6.9
2016-05-25,27.455,32.45,8.52,5.85,0.43,5.53,31.12391304,27.6,34.0,22.8,63.0,6.9
2016-05-26,29.16,34.84,8.02,5.43,0.49,7.0,30.38782609,27.9,33.2,22.2,63.0,6.9
2016-05-27,30.865,39.88,7.12,4.86,0.43,5.81,29.65173913,26.5,33.8,23.2,70.0,6.9
2016-05-28,32.57,36.26,7.81,5.28,0.43,4.2,28.91565217,25.7,32.6,21.5,72.0,6.9
2016-05-29,34.275,19.21,7.3,4.9,0.49,2.55,28.17956522,23.9,33.2,19.9,75.0,7.7
2016-05-30,35.98,29.59,14.57,9.75,0.76,4.5,27.44347826,25.7,30.0,21.7,72.0,6.9
2016-05-31,27.6,32.09,25.1,16.73,0.65,4.83,26.7073913,25.3,31.2,22.2,76.0,6.9
2016-06-01,17.15,26.07,31.6,19.55,0.4,4.74,25.97130435,25.4,31.5,21.5,75.0,6.9
2016-06-02,17.71,21.58,18.64,12.31,0.43,2.68,25.23521739,24.4,33.3,21.0,82.0,6.9
2016-06-03,18.86642857,33.69,10.15,6.67,0.39,1.9,24.49913043,25.5,30.2,21.0,78.0,6.9
2016-06-04,20.02285714,28.67,10.81,6.86,0.41,2.15,23.76304348,24.7,31.7,20.6,78.0,6.3
2016-06-05,21.17928571,32.38,9.08,5.85,0.36,2.18,23.02695652,24.1,30.4,21.7,81.0,7.7
2016-06-06,22.33571429,21.86,8.56,5.56,0.33,1.82,22.29086957,25.5,30.8,21.7,76.0,6.9
2016-06-07,23.49214286,20.31,11.68,7.43,0.36,1.69,21.55478261,25.7,31.4,21.6,79.0,6.9
2016-06-08,24.64857143,19.38,9.28,5.99,0.34,2.24,20.81869565,24.5,30.9,22.0,81.0,6.3
2016-06-10,25.805,19.97,10.05,6.41,0.37,2.28,20.0826087,23.8,30.2,21.7,84.0,8.0
2016-06-11,26.96142857,21.74,10.14,6.31,0.35,2.17,19.34652174,24.3,28.5,21.0,75.0,6.9
2016-06-12,28.11785714,24.12,8.84,5.6,0.34,1.99,18.61043478,24.1,29.6,20.8,77.0,6.9
2016-06-13,29.27428571,23.79,9.8,6.27,0.34,2.16,17.87434783,22.5,29.6,20.6,86.0,6.9
2016-06-14,30.43071429,23.6,12.82,7.99,0.41,2.02,17.13826087,23.6,27.7,20.1,75.0,6.9
2016-06-15,31.58714286,38.42,14.43,8.67,0.4,2.09,16.40217391,23.7,29.2,20.7,74.0,6.9
2016-06-16,32.74357143,27.07,10.93,6.81,0.34,2.0,15.66608696,23.7,29.9,20.2,76.0,6.9
2016-06-17,33.9,48.51,18.94,14.16,0.97,3.39,14.93,24.3,29.4,20.9,76.0,6.9
2016-06-18,31.98,80.7,20.46,17.06,3.8,4.05,9.69,24.4,28.8,21.0,75.0,7.7
2016-06-19,26.77,105.43,15.29,10.44,4.02,4.64,11.99,23.7,28.2,20.8,78.0,6.9
2016-06-20,27.61,72.63,21.69,16.62,2.12,4.5,10.92,23.3,29.9,20.0,82.0,6.3
2016-06-21,28.24,194.62,15.81,14.49,0.47,7.48,21.395,22.7,28.5,20.4,82.0,6.9
2016-06-22,29.83,23.86,17.61,12.97,0.33,1.79,31.87,22.6,26.5,20.0,83.0,6.9
2016-06-23,19.0,15.46,16.91,9.84,1.61,1.9,53.33,21.6,27.6,19.8,85.0,6.3
2016-06-24,15.04,23.51,17.15,9.58,5.43,1.73,65.62,22.0,26.2,19.4,82.0,6.3
2016-06-25,15.79,36.215,21.65,14.595,4.225,1.915,55.445,21.2,27.5,19.3,85.0,6.3
2016-06-27,16.54,48.92,26.15,19.61,3.02,2.1,45.27,22.5,28.2,20.8,84.0,6.9
2016-06-28,27.23,34.13,23.71,21.32,3.63,1.87,38.45,22.5,27.2,20.6,87.0,5.5
2016-06-29,115.98,17.1,24.19,19.33,2.48,1.58,39.09,21.3,26.3,20.3,91.0,4.8
2016-06-30,13.95,48.92,20.42,16.49,3.55,1.86,39.53,22.6,24.8,20.3,84.0,5.5
2016-07-01,25.0,35.36,19.59,17.99,5.62,1.26,44.86,23.2,27.6,20.2,80.0,6.3
2016-07-02,31.8,9.93,15.96,10.19,6.28,1.1,51.84,23.8,28.2,19.9,76.0,6.9
2016-07-03,17.36,30.52,20.82,16.04,7.87,1.54,42.29,23.6,28.8,20.2,78.0,6.3
2016-07-04,19.4,112.27,23.11,19.0,4.04,1.86,33.37,23.3,27.6,20.6,83.0,6.3
2016-07-05,18.36,57.25,19.9,17.76,2.27,2.18,35.67,23.3,28.0,20.8,83.0,5.5
2016-07-06,17.26,42.66,13.18,13.25,0.42,1.77,34.9052,22.9,27.2,20.8,87.0,4.8
2016-07-07,15.02,33.56,13.05,11.82,1.28,2.96,34.1404,23.6,26.7,20.3,78.0,6.3
2016-07-08,13.00666667,49.66,18.6,16.82,0.57,5.22,33.3756,22.7,27.4,20.6,85.0,5.5
2016-07-09,10.99333333,51.22,15.69,14.37,0.46,4.04,32.6108,22.1,26.4,20.1,83.0,5.5
2016-07-10,8.98,27.9,8.98,9.0,0.38,2.23,31.846,22.8,26.5,20.1,77.0,6.3
2016-07-11,35.12875,51.32,13.36,10.15,0.53,3.13,31.0812,23.2,27.2,20.4,72.0,5.5
2016-07-12,61.2775,41.88,11.15,8.45,1.51,3.46,30.3164,22.9,27.6,20.5,74.0,6.3
2016-07-13,87.42625,40.21,7.84,5.83,0.55,1.94,29.5516,23.8,28.1,20.1,71.0,7.4
2016-07-14,113.575,52.13,14.43,11.43,0.61,2.89,28.7868,25.0,29.5,19.7,70.0,6.9
2016-07-15,139.72375,39.43,23.36,17.74,1.48,2.96,28.022,24.8,30.7,21.5,73.0,6.9
2016-07-16,165.8725,33.87,33.33,25.12,0.69,2.8,27.2572,24.6,29.8,20.6,76.0,6.3
2016-07-17,192.02125,42.24,20.74,17.38,0.74,1.84,26.4924,23.6,30.1,20.5,84.0,6.9
2016-07-18,218.17,30.53,10.49,8.64,2.63,3.62,25.7276,23.6,28.1,21.0,75.0,6.9
2016-07-19,55.51,25.62,10.06,10.14,5.8,2.87,24.9628,22.9,28.3,20.0,77.0,6.3
2016-07-23,39.15,56.61,20.88,17.82,0.51,2.31,24.198,22.2,25.6,19.6,81.0,6.3
2016-07-27,22.79,77.1,3.0,7.66,0.71,4.7,23.4332,24.1,29.1,20.7,82.0,6.3
2016-07-28,17.0,97.59,10.29,12.98,0.91,1.58,22.6684,22.9,29.4,19.4,85.0,6.9
2016-07-29,22.19,46.72,16.14,15.42,0.53,1.06,21.9036,21.1,27.6,19.8,92.0,5.5
2016-07-30,8.74,62.96,10.3,11.75,0.47,1.28,21.1388,21.2,25.0,19.8,89.0,6.3
2016-07-31,18.9,138.45,30.71,28.43,0.83,1.86,20.374,22.4,26.0,19.4,82.0,6.9
2016-08-01,17.54,69.17,30.36,20.54,0.58,2.44,19.6092,22.2,27.0,19.8,78.0,6.3
2016-08-02,20.06,95.02,9.27,10.25,0.69,1.53,18.8444,22.9,27.2,19.3,71.0,8.5
2016-08-03,19.91,77.41,18.42,14.77,0.63,1.63,18.0796,22.1,27.6,19.1,76.0,6.9
2016-08-04,14.66,51.42,17.36,13.59,0.45,1.52,17.3148,22.4,25.6,19.4,78.0,6.9
2016-08-12,25.09,66.62666667,8.97,6.48,45.96,1.24,16.55,23.4,29.4,20.8,79.0,6.9
2016-08-13,21.94,81.83333333,8.83,7.15,47.93,1.37,18.87,24.0,29.0,20.6,77.0,6.3
2016-08-14,21.57,97.04,14.87,7.1,3.59,1.75,19.82,22.9,28.2,20.0,77.0,6.9
2016-08-15,14.38,61.19,12.56,6.76,3.34,2.31,21.54,23.5,28.8,19.5,74.0,7.7
2016-08-16,101.09,55.19,12.41,7.33,0.56,3.03,20.49,22.8,29.2,20.2,80.0,6.9
2016-08-17,33.05,83.6,16.2,5.75,1.59,2.63,20.28,23.0,27.9,19.9,77.0,7.7
2016-08-18,39.14,63.13,15.46,4.7,0.52,2.72,21.74,23.8,28.2,20.1,73.0,7.7
2016-08-19,41.43,18.46,18.34,1.75,0.47,2.87,26.26,23.9,29.0,20.3,71.0,6.9
2016-08-20,100.39,13.98,21.01,1.98,0.49,3.66,26.14,24.4,30.2,20.4,71.0,6.9
2016-08-21,56.45,11.73,17.24,3.35,0.41,2.72,28.1,24.3,30.1,20.4,74.0,6.9
2016-08-22,35.4,29.35,15.82,2.91,0.22,2.88,22.79,24.3,30.6,21.3,74.0,6.9
2016-08-23,43.43,77.31,16.31,3.97,0.38,3.06,25.25,24.3,30.0,20.9,72.0,6.9
2016-08-24,34.99,73.18,17.43,2.31,0.41,3.13,23.74,24.6,30.6,20.8,71.0,8.9
2016-08-25,15.02,62.79,18.74,0.59,0.59,4.94,26.6,23.1,29.3,21.0,77.0,6.3
2016-08-26,29.31,51.59,23.2,0.47,0.39,3.39,25.06,23.8,28.2,19.9,76.0,5.5
2016-08-27,19.65,66.91,22.46,2.32,0.55,3.66,25.17,23.3,28.7,21.2,79.0,6.9
2016-08-28,6.82,58.75,42.15,2.75,0.31,4.72,34.16,23.3,28.1,20.8,78.0,6.9
2016-08-29,27.16,59.6,20.93,4.15,0.77,4.62,28.48,23.4,27.4,20.9,79.0,6.9
2016-08-30,27.9,33.7,20.47,5.14,0.38,3.08,21.22,23.3,27.3,21.0,84.0,4.0
2016-08-31,35.17,51.69,19.08,2.06,0.42,3.7,20.34,22.4,27.2,20.4,87.0,5.5
2016-09-01,37.57,46.28,22.32,2.61,0.48,3.72,21.4,23.2,26.6,20.0,82.0,7.4
2016-09-02,23.25,72.41,21.96,0.67,0.48,4.45,22.36,22.6,26.7,20.6,82.0,6.3
2016-09-03,31.08,74.7,19.42,4.38,0.51,2.9,24.83,23.7,27.2,20.4,75.0,6.9
2016-09-04,37.35,59.38,20.08,1.91,0.38,2.33,22.29,22.4,28.0,20.2,83.0,6.3
2016-09-05,22.49,51.96,25.1,1.07,0.3,2.78,23.62,22.6,26.8,19.3,76.0,6.9
2016-09-06,37.14,64.32,32.8,2.76,0.43,2.93,22.96,22.1,26.9,19.5,80.0,6.3
2016-09-07,28.89,53.47,40.9,4.13,0.53,2.85,24.81,23.1,27.2,18.8,69.0,7.7
2016-09-08,28.25,65.4,59.8,2.51,0.5,2.61,29.82,23.9,28.6,19.3,67.0,6.9
2016-09-09,36.1,55.92,40.18,1.945,0.4,3.09,22.77,24.3,29.4,20.4,69.0,6.3
2016-09-10,43.95,68.24,19.99,1.38,0.57,3.55,28.99,24.4,28.8,20.8,72.0,6.9
2016-09-11,24.72,57.37,21.18,1.396666667,0.36,3.77,22.02,23.2,29.7,20.0,73.0,7.7
2016-09-12,23.88,62.86,16.07,1.413333333,0.36,5.42,31.99,22.8,27.6,20.5,76.0,6.9
2016-09-13,23.04,48.92,12.98,1.43,0.41,9.3,44.94,23.6,26.5,20.5,75.0,6.3
2016-09-14,13.59,45.66,21.47,2.35,0.52,2.96,36.66,23.8,27.8,20.4,76.0,6.9
2016-09-15,11.1,41.09,29.29,18.5,0.97,3.76,39.12,22.9,28.6,20.5,79.0,6.3
2016-09-16,32.23,57.94,32.53,65.31,0.89,7.68,22.05,23.1,28.5,20.3,77.0,6.6
2016-09-17,41.01,79.93,25.42,5.5,0.8,4.59,36.26,23.2,27.7,20.2,74.0,6.9
2016-09-18,30.9,80.19,33.55,9.18,0.51,4.13,16.27,23.8,28.0,18.8,65.0,6.9
2016-09-19,26.31,49.89,30.0,12.86,0.25,3.38,19.1,24.4,29.0,19.8,68.0,6.9
2016-09-20,32.98,44.55,26.31,12.71,0.2,4.3,16.09,23.2,30.6,19.7,71.0,6.9
2016-09-21,43.4,33.79,26.08,8.49,0.38,5.07,17.18,22.7,27.4,20.2,76.0,6.9
2016-09-22,32.46,52.66,23.58,11.01,0.52,4.53,22.04,23.3,28.0,19.7,73.0,6.9
2016-09-23,26.6,103.69,21.48,8.74,0.46,5.37,16.37,22.2,28.5,20.0,79.0,6.3
2016-09-24,39.41,102.24,29.0,10.48,0.52,3.87,10.98,21.7,25.2,19.6,81.0,6.3
2016-09-25,10.22,131.33,33.14,6.705,0.43,4.44,10.45,22.6,25.8,19.8,79.0,5.5
2016-09-26,16.88,116.82,33.42,2.93,0.71,4.02,13.28,24.1,28.0,20.5,76.0,6.9
2016-09-27,17.1,105.03,30.5,10.87,0.64,4.07,14.12,24.3,28.6,20.9,75.0,7.4
2016-09-28,46.14,95.12,26.83,18.81,1.08,5.66,14.51,24.2,29.3,21.6,76.0,6.6
2016-09-29,55.24,71.0,26.2,25.54,1.13,4.08,15.05,24.4,29.4,21.4,75.0,6.9
2016-09-30,75.42,121.03,17.34,6.51,0.46,4.5,31.09,24.4,29.4,20.5,72.0,6.9
2016-10-01,65.16,100.91,22.49,4.41,0.51,4.53,30.07875,23.2,29.7,19.6,72.0,6.3
2016-10-02,66.96333333,102.73,30.02,5.07,0.61,4.77,29.0675,23.6,29.5,18.8,68.0,6.3
2016-10-03,68.76666667,122.73,29.19,5.73,0.51,4.42,28.05625,25.3,30.7,20.3,64.0,5.5
2016-10-04,70.57,112.72,24.24,6.39,0.49,4.57,27.045,25.2,32.0,20.5,63.0,6.3
2016-10-05,69.14,94.23,20.54,4.73,1.45,8.5,26.03375,25.1,30.7,18.0,62.0,6.3
2016-10-06,54.75,81.36,20.33,7.29,0.55,10.84,25.0225,25.6,30.8,20.4,58.0,6.9
2016-10-07,41.7,139.73,24.67,5.86,0.73,4.57,24.01125,24.6,31.6,19.7,60.0,6.3
2016-10-08,27.31,91.1,25.65,5.49,0.56,4.59,23.0,24.6,30.6,19.8,65.0,6.3
2016-10-09,13.51,85.18,27.68,3.9,1.11,4.26,15.26,23.9,31.3,19.6,70.0,6.3
2016-10-10,18.96,72.83,26.66,4.02,0.85,4.12,14.68,24.1,30.4,19.5,70.0,6.3
2016-10-11,14.61,70.21,24.16,5.29,0.73,3.97,15.67,24.1,30.2,20.0,73.0,6.3
2016-10-12,21.3,74.85,28.0,4.89,1.08,4.5,15.17,24.2,31.8,20.3,75.0,6.0
2016-10-13,25.15,66.38,31.42,4.02,1.97,3.65,12.04,23.6,29.3,20.1,72.0,5.3
2016-10-14,24.23,110.24,25.35,6.19,0.51,4.65,13.14,24.8,29.0,21.0,59.0,6.9
2016-10-15,35.18,154.1,39.16,3.44,0.2,4.22,21.95,23.9,30.6,19.4,54.0,6.9
2016-10-16,32.41,155.04,47.09,5.115,0.36,7.07,23.11,24.4,30.1,18.6,50.0,5.8
2016-10-17,56.36,182.16,38.07,6.79,0.52,6.24,4.68,24.4,31.2,18.4,53.0,6.9
2016-10-18,53.43,180.64,33.94,7.55,0.73,7.21,23.21,24.5,31.0,18.6,49.0,6.9
2016-10-19,44.05,191.47,35.85,5.43,0.55,6.02,41.74,25.0,31.2,18.7,48.0,6.9
2016-10-20,62.36,181.92,38.24,3.31,0.37,6.46,23.58,24.6,31.1,19.1,50.0,6.9
2016-10-21,62.74,191.9,35.42,9.55,1.12,8.07,23.86,24.9,31.2,19.1,50.0,6.3
2016-10-22,97.17,195.61,33.75,9.13,0.75,10.52,10.54,24.0,31.2,19.5,50.0,6.9
2016-10-23,67.85,184.81,38.05,8.52,1.2,7.36,31.08,22.9,31.2,18.6,52.0,6.9
2016-10-24,58.78,179.79,41.96,6.73,1.18,9.87,22.16,24.6,30.2,17.7,47.0,5.5
2016-10-25,80.99,224.1,36.1,11.88,1.64,8.46,22.28,24.8,31.3,19.8,49.0,6.3
2016-10-26,68.17,116.92,44.78,18.86,1.16,4.9,25.13,24.2,31.0,18.4,52.0,6.9
2016-10-27,59.61,137.68,46.57,16.72,0.83,4.28,29.54,25.2,30.8,19.4,45.0,7.4
2016-10-28,62.38,123.91,46.43,15.06,0.8,9.04,44.86,25.2,31.0,18.6,40.0,6.9
2016-10-29,78.74,130.99,44.4,13.2,3.1,4.31,45.04,25.6,31.6,18.7,42.0,6.6
2016-10-30,60.79,130.15,38.53,10.08,2.97,3.75,23.8,25.0,32.0,21.0,64.0,6.9
2016-10-31,36.92,95.71,34.8,6.17,0.55,4.92,21.69,24.5,30.7,20.1,68.0,6.3
2016-11-01,21.2,118.955,30.89,4.5,0.28,5.34,16.2,23.7,30.6,20.8,72.0,5.5
2016-11-02,31.26,142.2,39.54,3.64,0.42,3.29,26.39,24.1,29.1,20.1,66.0,6.3
2016-11-03,34.79,111.6,41.17,7.45,1.37,2.49,25.26,25.2,30.0,20.9,61.0,6.9
2016-11-04,55.92,118.8,37.52,14.38,0.85,4.84,30.68,24.8,31.6,20.0,52.0,7.7
2016-11-05,55.03,117.02,29.98,12.405,1.16,4.69,34.67,24.7,31.6,19.1,47.0,6.9
2016-11-06,41.23,69.46,27.4,10.43,0.7,3.85,37.6,24.7,31.2,18.1,45.0,6.9
2016-11-07,43.91,100.27,31.23,8.455,0.83,2.83,36.94,24.0,31.5,18.7,49.0,6.9
2016-11-08,52.08,109.02,32.63,6.48,0.83,6.29,37.14,23.4,30.6,18.8,48.0,6.9
2016-11-09,46.94,120.41,28.38,6.464325153,0.62,5.16,46.92,22.5,30.3,17.7,49.0,6.9
2016-11-10,49.03,130.54,30.8,6.448650307,0.76,6.34,62.56,22.8,29.3,17.0,45.0,6.9
2016-11-11,57.78,150.94,41.03,6.43297546,0.73,7.64,71.14,23.4,29.45,17.4,50.5,6.9
2016-11-12,52.72,127.44,37.57,6.417300613,0.72,8.28,77.53,24.0,29.6,17.8,56.0,6.9
2016-11-13,38.42,121.18,38.81,6.401625767,0.63,4.93,57.77,24.4,30.5,20.2,61.0,6.9
2016-11-14,29.96,82.83,36.67,6.38595092,0.37,5.26,14.2,24.1,30.9,20.4,68.0,5.5
2016-11-15,27.64,56.85,25.66,6.370276074,0.91,5.02,15.65,24.6,30.1,20.3,61.0,6.9
2016-11-16,35.8,130.25,25.46,6.354601227,1.9,5.08,22.33,24.3,30.4,19.6,65.0,6.9
2016-11-17,40.13,133.97,34.52,6.33892638,0.99,2.97,48.83,23.9,31.4,20.2,67.0,5.5
2016-11-18,43.6,135.71,30.86,6.323251534,0.57,2.5,56.67,23.4,29.7,19.1,60.0,5.8
2016-11-19,48.93,151.4033333,26.23,6.307576687,0.62,2.78,45.24,23.1,29.7,18.2,55.0,6.3
2016-11-20,42.21,167.0966667,38.1,6.29190184,0.46,2.34,49.29,23.3,29.7,18.4,57.0,6.9
2016-11-21,102.01,182.79,44.31,6.276226994,0.69,3.9,44.48,22.9,30.5,18.1,47.0,6.9
2016-11-22,91.6,141.03,31.76,6.260552147,3.0,7.56,16.37,22.9,31.0,16.6,40.0,7.7
2016-11-23,47.76,173.09,39.92,6.244877301,2.6,6.66,33.28,24.3,31.9,16.5,39.0,7.4
2016-11-24,86.62,152.15,32.55,6.229202454,1.05,4.88,46.95,22.4,31.8,16.1,43.0,6.3
2016-11-25,46.12,158.04,33.94,6.213527607,1.22,4.01,43.76,22.2,31.5,16.2,37.0,6.9
2016-11-26,46.87,164.12,36.46,6.197852761,0.89,3.63,38.04,23.4,31.5,15.9,33.0,7.4
2016-11-27,53.71,171.52,37.49,6.182177914,0.85,3.52,35.33,22.6,31.5,15.0,39.0,6.9
2016-11-28,49.9,176.99,38.97,6.166503067,0.67,6.79,26.27,23.0,32.5,14.2,39.0,6.3
2016-11-29,59.3,194.37,37.55,6.150828221,0.81,11.63,31.34,22.1,33.0,15.6,44.0,6.3
2016-11-30,49.69,170.26,31.49,6.135153374,1.88,5.34,28.52,21.9,29.9,16.7,48.0,5.5
2016-12-01,45.84,137.86,26.72,6.119478528,0.87,4.93,39.83,21.6,30.0,17.6,58.0,6.9
2016-12-02,22.14,78.55,26.06,6.103803681,0.72,3.55,20.83,21.0,26.9,18.0,86.0,5.5
2016-12-03,18.3,102.86,30.35,6.088128834,0.82,4.06,11.42,21.1,26.9,18.9,88.0,6.3
2016-12-04,24.44,136.05,23.2,6.072453988,1.66,3.15,8.61,22.8,28.0,19.0,73.0,6.3
2016-12-05,23.63,124.78,30.2,6.056779141,2.95,4.43,9.8,23.4,29.0,19.6,68.0,6.9
2016-12-06,36.97,155.51,44.45,6.041104294,1.7,3.0,15.37,22.0,29.4,18.0,62.0,6.3
2016-12-07,40.72,132.73,44.74,6.025429448,0.65,3.63,20.32,22.1,28.0,15.0,59.0,6.3
2016-12-08,32.59,128.54,43.67,6.009754601,0.69,5.58,16.42,22.8,29.0,18.4,61.0,6.6
2016-12-09,44.96,135.0,40.56,5.994079755,1.19,6.68,13.5,22.6,29.5,16.2,42.0,6.9
2016-12-10,30.37,124.8,37.24,5.978404908,0.46,3.47,6.73,20.1,30.3,15.0,41.0,6.9
2016-12-11,24.98,138.06,42.15,5.962730061,1.76,8.15,8.43,21.7,28.0,12.0,46.0,6.3
2016-12-12,42.19,131.75,25.22,5.947055215,1.46,6.85,22.58,21.0,28.4,18.5,66.0,5.5
2016-12-13,204.25,156.315,22.25,5.931380368,0.97,7.88,18.31,18.9,25.0,17.7,97.0,4.0
2016-12-14,30.72,180.88,23.41,5.915705521,0.54,2.62,22.5,20.3,22.0,18.6,90.0,4.0
2016-12-15,28.47,142.64,37.05,5.900030675,1.15,3.72,12.13,21.8,26.5,17.9,70.0,6.3
2016-12-16,34.57,137.45,37.38,5.884355828,1.39,4.25,7.08,20.8,27.3,18.4,81.0,6.3
2016-12-17,36.97,143.58,38.93,5.868680982,1.63,4.35,13.37,22.4,27.5,18.0,64.0,7.4
2016-12-18,35.21,130.91,40.15,5.853006135,0.79,4.81,26.23,22.3,28.4,16.8,59.0,5.8
2016-12-19,37.8,144.73,40.9,5.837331288,0.73,4.27,25.9,22.0,28.9,16.7,57.0,6.3
2016-12-20,19.09,121.19,35.67,5.821656442,0.71,3.75,18.88,21.8,29.4,15.6,67.0,6.9
2016-12-21,19.68,99.9,24.18,5.805981595,0.46,4.19,16.53,22.6,29.0,17.7,63.0,5.8
2016-12-22,39.64,176.96,30.67,5.790306748,0.28,4.74,28.61,22.3,30.4,16.5,43.0,6.0
2016-12-23,43.67,150.64,72.51,5.774631902,0.74,7.81,37.75,21.3,31.0,14.0,40.0,6.0
2016-12-24,57.79,141.76,79.24,5.758957055,0.62,7.79,11.26,21.6,30.3,14.4,42.0,6.0
2016-12-25,39.11,145.35,46.39,5.743282209,0.71,4.93,52.62,20.6,30.5,14.7,62.0,6.0
2016-12-26,34.02,121.66,49.47,5.727607362,0.84,5.17,34.44,21.8,29.0,14.8,46.0,5.8
2016-12-27,53.5,111.09,41.33,5.711932515,0.7,7.04,23.74,21.5,30.4,14.9,42.0,6.0
2016-12-28,38.53,80.87,20.7,5.696257669,0.2,4.32,17.27,21.9,29.8,16.4,58.0,6.8
2016-12-29,44.9,112.78,30.07,5.680582822,0.46,5.6,25.23333333,20.8,28.7,15.5,54.0,6.0
2016-12-30,54.65,134.46,44.47,5.664907975,0.57,5.58,33.19666667,20.8,28.2,14.8,56.0,5.8
2016-12-31,40.96,128.38,47.25,5.649233129,0.74,4.92,41.16,20.9,27.9,14.7,58.5,5.9
2017-01-01,20.13,105.61,42.34,5.633558282,0.77,4.8,25.9,21.0,27.6,14.6,61.0,6.0
2017-01-02,19.61,105.34,40.94,5.617883436,0.68,4.93,29.95,21.6,27.7,17.0,59.0,6.8
2017-01-03,26.66,106.4,49.02,5.602208589,0.74,4.95,31.55,22.3,29.0,16.1,48.0,6.9
2017-01-04,36.93,118.86,38.48,5.586533742,0.76,4.58,39.09,21.8,29.5,15.8,54.0,6.8
2017-01-05,36.09,114.62,36.01,5.570858896,0.63,4.57,35.78,21.9,29.0,15.5,56.0,6.0
2017-01-06,41.53,131.53,39.13,5.555184049,0.59,4.32,39.95,21.0,28.6,16.0,56.0,6.8
2017-01-07,47.48,140.54,40.87,5.539509202,0.79,5.57,43.82,20.9,29.0,16.0,66.0,5.5
2017-01-08,37.61,124.94,33.21,5.523834356,0.67,4.83,39.25,20.9,27.8,16.0,62.0,6.3
2017-01-09,43.11,136.23,44.61,5.508159509,0.86,8.12,38.14,21.0,28.5,15.0,58.0,6.8
2017-01-10,74.1,125.23,37.38,5.492484663,0.61,5.51,59.48,22.1,28.1,16.0,55.0,6.0
2017-01-11,42.42,142.13,47.35,5.476809816,1.02,5.96,56.92,22.0,29.4,16.6,60.0,6.3
2017-01-12,24.26,140.88,44.12,5.461134969,0.68,3.72,52.42,21.8,29.2,16.4,61.0,6.3
2017-01-13,31.22,108.09,26.86,5.445460123,0.55,3.67,50.8,21.2,28.0,16.9,66.0,5.5
2017-01-14,29.21,114.92,13.26,5.429785276,0.543333333,3.29,63.14,20.7,28.3,17.2,61.0,6.3
2017-01-15,26.3,121.75,11.83,5.414110429,0.536666667,3.07,58.37,20.7,27.2,15.5,61.0,6.3
2017-01-16,31.65,128.58,34.1,5.398435583,0.53,5.25,53.3,20.9,27.6,15.7,57.0,6.0
2017-01-17,37.02,130.28,52.33,5.382760736,1.3,7.6,53.06125,21.3,28.0,15.4,47.0,6.0
2017-01-18,39.68,111.56,47.26,5.36708589,0.67,6.18,52.8225,20.4,28.9,14.4,57.0,6.8
2017-01-19,31.59,104.2,42.72,5.351411043,1.03,5.81,52.58375,20.4,28.2,15.8,64.0,6.3
2017-01-20,39.92,116.54,47.16,5.335736196,0.6,5.54,52.345,21.7,27.6,15.3,64.0,6.3
2017-01-21,40.34,103.46,67.51,5.32006135,0.61,6.9,52.10625,21.7,28.9,18.5,68.0,6.3
2017-01-22,44.895,102.7,76.4,5.304386503,0.58,7.09,51.8675,23.3,30.0,16.8,47.0,7.4
2017-01-23,49.45,125.79,67.63,5.288711656,0.71,6.9,51.62875,22.4,30.3,15.9,52.0,6.3
2017-01-24,41.55,121.2,45.39,5.27303681,5.28,6.23,51.39,22.4,29.5,16.0,52.0,6.9
2017-01-25,34.96,114.94,41.5,5.257361963,6.42,4.81,49.67,22.6,30.3,16.7,52.0,6.3
2017-01-26,27.04,109.75,28.01,5.241687117,7.32,3.67,47.81,21.9,29.2,18.3,75.0,4.0
2017-01-27,23.36,87.39,46.38,5.22601227,8.19,5.81,19.01,22.1,26.0,19.7,79.0,6.3
2017-01-28,10.26,65.08,63.82,5.210337423,7.67,5.34,20.22,22.7,26.2,20.0,76.0,6.0
2017-01-29,6.8,59.96,39.99,5.194662577,6.65,4.24,17.63,23.7,28.7,19.2,70.0,6.0
2017-01-30,31.79,83.98,40.89,5.17898773,7.54,4.51,34.35,24.1,30.6,17.9,58.0,6.8
2017-01-31,37.81,81.51,40.55,5.163312883,1.55,7.85,47.14,23.9,31.7,18.2,54.0,6.9
2017-02-01,27.42,81.76,43.93,5.147638037,1.87,8.57,39.53,23.1,32.0,16.0,46.0,6.9
2017-02-02,49.35,82.75,58.2,5.13196319,6.34,5.18,72.53,23.5,31.5,16.4,40.0,7.7
2017-02-03,32.16,93.4,43.39,5.116288344,15.93,3.37,50.44,22.7,31.7,16.7,50.0,6.9
2017-02-04,32.08,101.5666667,19.23,5.100613497,14.89,3.34,60.82,21.9,30.0,16.6,49.0,6.9
2017-02-05,29.93,109.7333333,19.93,5.08493865,11.68,2.93,58.61,22.2,29.3,15.9,47.0,8.5
2017-02-06,32.73,117.9,45.2,5.069263804,15.22,4.71,60.34,22.9,30.7,16.0,45.0,6.9
2017-02-07,43.1,102.65,64.19,5.053588957,12.47,6.59,65.58,23.9,30.9,16.1,36.0,6.9
2017-02-08,41.94,91.18,45.34,5.03791411,9.04,7.24,64.64,23.8,32.2,16.6,37.0,6.3
2017-02-09,38.04,103.85,45.51,5.022239264,0.58,6.22,12.28,23.4,32.0,15.8,35.0,6.9
2017-02-10,36.09,102.51,41.63,5.006564417,0.66,7.38,13.96,23.4,32.1,15.5,34.0,6.9
2017-02-11,29.54,93.69,51.47,4.990889571,1.01,5.61,41.88,22.8,32.6,16.1,42.0,6.9
2017-02-12,27.65,81.87,57.48,4.975214724,0.68,5.79,43.53,21.5,31.0,15.2,48.0,6.0
2017-02-13,30.98,71.6,44.34,4.959539877,0.5,5.43,45.778,22.1,29.6,15.8,54.0,6.9
2017-02-14,34.94,71.16,49.0,4.943865031,0.87,5.9,48.026,22.6,28.8,17.4,61.0,6.3
2017-02-15,40.41,78.71,64.96,4.928190184,1.08,8.65,50.274,23.1,29.0,17.3,45.0,6.9
2017-02-16,34.8,86.61,70.5,4.912515337,1.25,7.73,52.522,22.2,29.8,16.1,41.0,5.5
2017-02-17,47.98,114.34,70.87,4.896840491,1.4,10.26,54.77,22.2,29.5,15.9,48.0,6.9
2017-02-18,47.56,99.64,80.24,4.881165644,1.08,9.22,57.018,23.8,30.5,16.4,39.0,6.3
2017-02-19,41.4,108.35,102.78,4.865490798,1.13,8.57,59.266,23.7,31.2,16.8,42.0,6.9
2017-02-20,53.85,115.91,95.12,4.849815951,1.14,10.75,61.514,24.6,31.8,17.7,38.0,6.3
2017-02-21,52.93,122.79,75.14,4.834141104,0.86,9.32,63.762,25.9,33.4,19.3,41.0,6.3
2017-02-22,42.13,116.85,51.89,4.818466258,1.11,17.04,66.01,26.7,34.5,19.2,37.0,6.3
2017-02-23,44.09,107.48,49.76,4.802791411,0.38,9.22,45.32,26.8,35.2,19.2,35.0,6.9
2017-02-24,42.73,92.91,47.21,4.787116564,0.4,9.04,21.94,27.2,35.0,19.7,31.0,6.9
2017-02-25,40.96,86.08,35.46,4.771441718,0.34,7.42,19.64,26.7,35.5,19.0,31.0,5.5
2017-02-26,35.66,90.69,32.39,4.755766871,0.39,7.69,34.75,25.8,34.9,20.0,41.0,6.9
2017-02-27,37.55,85.57,38.99,4.740092025,0.46,7.0,25.64,24.3,33.3,19.1,36.0,6.9
2017-02-28,31.19,87.32,43.09,4.724417178,0.46,6.84,27.08,24.8,31.6,17.4,28.0,6.9
2017-03-01,39.98,98.33,72.79,4.708742331,0.36,6.83,32.88,24.2,32.5,16.9,29.0,6.9
2017-03-02,36.36,85.55,51.16,4.693067485,0.38,6.54,22.95,24.4,32.0,15.7,33.0,6.9
2017-03-03,29.87,89.98,40.71,4.677392638,1.01,6.43,22.65,25.8,32.0,18.2,43.0,6.9
2017-03-04,28.41,75.22,41.35,4.661717791,0.53,8.16,13.85,26.3,33.2,20.7,52.0,6.9
2017-03-05,23.15,78.15,25.6,4.646042945,0.39,7.12,20.8,27.2,32.8,21.5,54.0,6.3
2017-03-06,26.67,74.17,29.12,4.630368098,0.35,6.61,19.79,26.0,34.5,22.0,62.0,6.9
2017-03-07,27.87,81.97,38.6,4.614693252,0.35,5.4,25.64,26.2,33.1,21.5,60.0,6.9
2017-03-08,31.78,84.76,41.89,4.599018405,0.79,8.94,29.59,25.6,33.8,21.1,62.0,6.9
2017-03-09,32.53,98.45,38.79,4.583343558,0.35,6.8,16.07,26.7,32.5,21.2,54.0,6.9
2017-03-10,29.4,71.8,22.5,4.567668712,0.21,5.47,29.37,27.0,33.6,21.9,48.0,6.9
2017-03-11,28.94,76.71,25.81,4.551993865,0.22,5.57,26.56,27.3,33.5,21.0,36.0,6.9
2017-03-12,27.07,65.19,28.21,4.536319018,0.13,5.54,30.11,27.4,33.7,21.0,40.0,6.9
2017-03-13,42.64,98.52,26.88,4.520644172,0.26,6.36,19.9,26.6,34.3,22.2,57.0,6.9
2017-03-14,21.93,70.51,25.17,4.504969325,0.46,3.91,11.13,25.2,34.0,22.0,67.0,6.9
2017-03-15,17.99,66.24,23.84,4.489294479,0.28,4.61,8.93,25.3,30.4,20.8,57.0,6.9
2017-03-16,27.59,63.81,23.73,4.473619632,0.21,4.77,28.92,26.0,31.5,20.3,50.0,6.9
2017-03-17,39.28,107.17,30.51,4.457944785,0.16,4.14,47.72,27.2,32.1,21.0,48.0,6.9
2017-03-18,32.33,87.57,30.75,4.442269939,0.78,7.59,66.57,27.9,33.8,21.9,45.0,6.9
2017-03-19,32.31,81.68,21.08,4.426595092,0.2,5.33,57.26,28.0,35.0,22.4,45.0,6.9
2017-03-20,38.73,105.25,29.11,4.410920245,0.3,4.51,60.19,28.0,36.0,23.2,48.0,6.9
2017-03-21,36.42,95.55,30.76,4.395245399,0.48,5.53,42.51,27.4,34.8,22.4,49.0,6.9
2017-03-22,43.96,105.81,32.28,4.379570552,0.55,6.87,36.22,27.4,33.6,22.0,43.0,6.9
2017-03-23,44.26,102.04,41.3,4.363895706,0.68,8.28,42.18,27.4,34.0,20.6,35.0,6.9
2017-03-24,67.75,107.42,39.52,4.348220859,0.48,7.14,43.89,27.7,34.7,20.6,28.0,6.9
2017-03-25,47.51,114.14,40.07,4.332546012,0.56,9.41,52.37,28.1,35.6,20.6,25.0,6.9
2017-03-26,53.63,116.45,35.29,4.316871166,0.3,12.82,68.34,28.6,37.2,21.6,28.0,6.9
2017-03-27,40.42,114.11,27.16,4.301196319,0.13,3.65,45.77,28.3,36.1,21.2,28.0,6.9
2017-03-28,55.94,105.81,30.4,4.285521472,0.25,4.77,40.7,28.8,35.3,22.0,32.0,6.9
2017-03-29,41.83,89.06,23.82,4.269846626,0.32,3.28,52.94,28.8,36.0,22.4,36.0,6.9
2017-03-30,46.83,69.68,27.69,4.254171779,0.14,2.48,47.33,28.4,35.9,23.0,37.0,6.9
2017-03-31,55.9,94.22,37.77,4.238496933,0.26,2.53,53.42,29.2,35.4,22.1,30.0,6.9
2017-04-01,51.65,108.37,37.78,4.222822086,0.51,2.79,61.72,28.6,35.8,22.5,34.0,6.9
2017-04-02,32.61,104.58,30.53,4.207147239,0.48,2.59,66.27,28.9,36.3,21.9,40.0,6.9
2017-04-03,39.37,106.07,41.21,4.191472393,0.68,2.79,68.42,29.4,35.6,23.5,39.0,6.9
2017-04-04,36.85,99.33,25.76,4.175797546,0.54,2.3,72.54,29.2,35.5,24.0,47.0,6.9
2017-04-05,29.5,78.34,20.83,4.160122699,0.44,2.0,69.06,27.4,36.1,22.0,55.0,6.9
2017-04-06,29.52,92.48,19.83,4.144447853,0.33,2.28,66.84,27.9,35.5,22.4,53.0,6.9
2017-04-07,31.08,79.87,24.61,4.128773006,0.46,2.65,68.4,28.6,35.5,22.5,49.0,6.9
2017-04-08,36.66,103.5,34.42,4.11309816,0.68,2.8,45.04,30.1,36.0,24.5,39.0,6.9
2017-04-09,29.29,89.11,28.32,4.097423313,0.48,2.54,37.96,29.4,36.5,24.4,43.0,8.5
2017-04-10,43.0,90.64,34.64,4.081748466,0.74,3.03,60.0,28.7,36.0,23.4,51.0,6.9
2017-04-11,31.18,92.2,34.13,4.06607362,0.44,2.39,60.0,29.4,35.6,23.5,42.0,6.9
2017-04-12,50.84,84.95,27.24,4.050398773,0.61,9.91,17.79,29.9,36.0,24.0,40.0,6.9
2017-04-13,50.54,105.34,37.62,4.034723926,0.56,4.26,75.93,29.3,37.0,24.0,31.0,6.9
2017-04-14,51.33,104.38,39.64,4.01904908,0.55,5.03,63.27,28.8,36.5,23.2,36.0,6.9
2017-04-15,35.01,101.83,45.01,4.003374233,0.69,6.77,60.39,29.0,35.6,22.6,38.0,6.9
2017-04-16,29.02,102.67,32.75,3.987699387,0.44,8.21,66.23,26.9,36.8,23.2,58.0,6.9
2017-04-17,34.86,79.44,27.93,3.97202454,0.44,5.81,83.69,25.7,36.2,22.2,61.0,6.3
2017-04-18,38.46,66.4,24.41,3.956349693,0.44,5.07,91.3,28.6,35.0,20.6,52.0,6.9
2017-04-19,38.13,84.63,25.49,3.940674847,0.52,4.74,81.46,28.9,35.6,23.5,53.0,6.9
2017-04-20,29.75,56.29,24.78,3.925,0.43,4.71,47.22,26.6,35.7,23.0,65.0,6.9
2017-04-21,21.53,80.41,24.41,3.909325153,0.47,4.71,54.16,26.9,35.2,21.7,60.0,6.3
2017-04-22,25.46,62.1,22.79,3.893650307,0.45,4.83,24.41,28.6,34.0,22.7,51.0,6.9
2017-04-23,28.49,74.8,23.6,3.87797546,0.08,3.68,7.03,29.2,35.5,23.6,42.0,6.9
2017-04-24,34.85,91.71,32.57,3.862300613,0.135,3.49,21.33,29.6,36.4,22.9,43.0,6.9
2017-04-25,29.88,108.62,31.4,3.846625767,0.19,3.52,27.0,27.5,37.0,22.6,53.0,6.9
2017-04-26,33.95,110.88,42.65,3.83095092,0.7,3.86,48.16,28.7,37.0,22.5,47.0,6.9
2017-04-27,40.01,100.72,38.94,3.815276074,0.67,5.61,27.84,29.1,35.6,24.0,48.0,6.9
2017-04-28,62.07,84.02,32.77,3.799601227,0.49,4.4,61.69,28.6,35.9,23.5,47.0,6.9
2017-04-29,38.44,76.53,39.84,3.78392638,0.44,5.15,43.66,25.6,35.3,21.0,60.0,6.9
2017-04-30,13.3,111.3,45.34,3.768251534,0.46,5.04,22.75,28.3,35.6,20.1,43.0,6.9
2017-05-01,20.32,80.58,31.84,3.752576687,0.39,4.82,39.36,26.8,35.6,20.5,48.0,6.9
2017-05-02,24.2,78.44,41.08,3.73690184,0.35,4.88,24.89,27.6,35.1,22.3,49.0,6.9
2017-05-03,66.24,87.15,35.96,3.721226994,0.48,6.26,21.17,28.2,34.2,23.3,51.0,6.9
2017-05-04,42.2,90.14,43.35,3.705552147,0.47,5.54,17.45,28.7,34.2,23.4,47.0,6.9
2017-05-05,28.27,85.96,42.47,3.689877301,0.62,5.76,6.19,29.8,35.9,24.4,48.0,6.9
2017-05-06,40.02,92.31,37.46,3.674202454,0.49,5.88,17.855,28.9,36.0,24.2,52.0,6.9
2017-05-07,30.26,76.29,29.37,3.658527607,0.4,5.31,29.52,27.3,36.6,21.0,55.0,6.3
2017-05-08,27.66,57.56,31.17,3.642852761,0.43,4.16,52.55,26.9,37.0,20.8,59.0,6.9
2017-05-09,32.01,57.82,31.86,3.627177914,0.23,3.67,33.71,26.0,33.2,22.5,67.0,6.9
2017-05-10,23.19,74.07,32.79,3.611503067,0.18,2.54,25.26,27.0,33.2,21.5,58.0,6.9
2017-05-11,28.52,35.51,39.12,3.595828221,0.42,8.55,36.74,26.9,34.4,22.0,61.0,6.9
2017-05-12,50.58,62.09,23.23,3.580153374,0.52,15.38,10.9,27.6,32.5,23.0,61.0,6.9
2017-05-13,120.56,73.92,26.63,3.564478528,0.49,8.45,18.96,28.1,33.0,23.7,60.0,6.9
2017-05-14,25.22,73.47,30.63,3.548803681,0.54,3.65,16.82,27.1,33.8,22.5,63.0,6.9
2017-05-15,14.94,50.05,26.57,3.533128834,0.52,3.52,38.46,27.1,35.0,21.8,58.0,6.3
2017-05-16,19.1,65.84,29.5,3.517453988,0.36,3.83,34.53,29.2,35.2,23.5,53.0,6.9
2017-05-17,22.93,65.3,26.74,3.501779141,0.38,3.73,45.09,27.6,36.4,22.6,66.0,6.9
2017-05-18,36.58,59.73,27.92,3.486104294,0.66,3.32,13.13,26.1,34.5,20.0,65.0,6.9
2017-05-19,20.87,45.38,32.01,3.470429448,0.56,3.49,21.6,26.2,35.5,19.4,67.0,6.9
2017-05-20,17.43,68.76,37.75,3.454754601,0.37,3.49,21.87,26.8,33.7,20.2,61.0,6.9
2017-05-21,12.53,50.36,34.15,3.439079755,0.37,3.51,23.31,26.1,35.1,19.9,70.0,6.9
2017-05-22,16.58,69.24,33.06,3.423404908,0.33,2.99,13.76,25.7,32.0,19.5,73.0,6.9
2017-05-23,25.83,63.33,37.11,3.407730061,0.41,3.57,20.05,26.7,32.5,19.4,64.0,6.9
2017-05-24,19.58,58.26,30.27,3.392055215,0.33,3.77,26.67,26.5,33.5,20.5,64.0,6.9
2017-05-25,21.39,59.53,29.53,3.376380368,0.38,3.75,16.72,27.6,34.0,21.9,67.0,8.5
2017-05-26,24.85,69.0,26.78,3.360705521,0.41,3.65,11.46,26.2,33.3,21.0,75.0,6.9
2017-05-27,18.21,44.46,29.32,3.345030675,0.42,3.6,18.34,23.1,33.1,20.0,84.0,6.3
2017-05-28,19.75,52.33,25.4,3.329355828,0.28,3.66,12.12,24.9,30.0,20.0,76.0,6.9
2017-05-29,21.08,60.65,26.89,3.313680982,0.34,3.32,9.02,25.5,30.4,21.3,71.0,6.9
2017-05-30,23.2,56.28,25.22,3.298006135,0.26,3.33,9.85,25.2,30.5,21.4,73.0,6.9
2017-05-31,22.87,77.5,27.67,3.282331288,0.17,3.09,9.92,24.9,31.2,20.8,74.0,6.9
2017-06-01,22.79,59.56,31.62,3.266656442,0.68,4.57,10.13,26.1,31.5,20.8,69.0,6.9
2017-06-02,20.19,60.05,32.25,3.250981595,0.35,3.89,8.69,26.4,32.1,21.8,70.0,6.9
2017-06-03,20.98,56.9,33.91,3.235306748,0.3,3.08,8.19,25.7,32.4,22.0,70.0,6.9
2017-06-04,13.39,69.89,24.89,3.219631902,0.64,1.33,7.55,26.2,32.2,20.7,64.0,6.9
2017-06-05,21.81,82.88,31.17,3.203957055,0.98,4.21,8.38,26.1,32.0,21.7,66.0,6.9
2017-06-06,22.93,49.92,30.17,3.188282209,0.85,3.86,7.92,25.9,32.0,21.8,67.0,6.3
2017-06-07,22.94,32.85,27.88,3.172607362,0.53,4.37,10.29,23.9,31.2,22.0,71.0,6.9
2017-06-08,20.75,75.64,25.47,3.156932515,0.59,4.56,14.64,25.0,29.6,21.5,67.0,6.9
2017-06-09,23.65,82.24,27.84,3.141257669,0.65,4.59,19.12,23.4,29.6,21.1,77.0,6.9
2017-06-10,19.78,91.96,31.35,3.125582822,0.61,4.87,19.88,23.9,28.1,20.7,74.0,6.6
2017-06-11,16.51,77.75,30.97,3.109907975,0.54,4.72,19.08,23.3,27.9,20.8,75.0,6.9
2017-06-12,19.12,65.59,28.24,3.094233129,0.58,4.79,19.47,22.4,28.3,20.2,83.0,5.5
2017-06-13,21.6,100.65,28.56,3.078558282,0.8,4.33,19.68,24.2,27.5,20.7,78.0,6.9
2017-06-14,19.77,95.84,29.47,3.062883436,0.63,4.24,21.06,25.8,29.7,22.0,66.0,6.9
2017-06-15,24.56,112.8,31.52,3.047208589,0.87,4.74,20.85,25.1,31.2,21.5,67.0,6.9
2017-06-16,24.66,89.59,31.25,3.031533742,0.62,5.71,18.43,22.9,29.5,21.0,79.0,6.3
2017-06-17,24.18,87.23,30.54,3.015858896,0.56,4.36,20.06,23.1,28.4,20.6,80.0,7.4
2017-06-18,17.82,92.85,26.38,3.000184049,0.63,5.21,9.1,23.8,28.0,20.2,77.0,6.9
2017-06-19,16.61,85.76,25.73,2.984509202,0.58,4.74,10.17,23.4,29.0,20.0,76.0,6.9
2017-06-20,24.03,90.54,25.75,2.968834356,0.61,6.85,7.75,24.2,28.0,21.0,83.0,6.9
2017-06-21,19.58,110.37,30.5,2.953159509,0.6,7.44,13.04,24.6,29.0,20.8,75.0,6.9
2017-06-22,21.05,71.41,26.66,2.937484663,0.62,5.8,8.43,24.4,29.5,20.5,75.0,6.9
2017-06-23,24.53,38.64,30.26,2.921809816,0.58,7.02,13.82,24.8,29.8,20.0,67.0,6.9
2017-06-24,25.35,123.16,45.04,2.906134969,0.55,6.42,10.04,24.4,30.5,21.0,71.0,6.3
2017-06-25,25.16,89.68,39.31,2.890460123,0.56,5.68,7.84,23.8,29.4,20.6,77.0,6.9
2017-06-26,31.13,96.37,37.52,2.874785276,1.16,7.96,8.44,24.2,29.0,20.4,71.0,7.4
2017-06-27,37.61,111.77,38.89,2.859110429,0.83,6.63,8.39,23.6,29.5,20.4,73.0,7.4
2017-06-28,37.34,97.49,34.73,2.843435583,0.6,6.63,8.99,24.3,29.8,20.3,63.0,6.6
2017-06-29,36.44,78.38,31.89,2.827760736,0.42,6.62,9.92,24.3,29.1,20.4,68.0,6.9
2017-06-30,35.4,107.39,33.89,2.81208589,0.69,6.63,10.32,24.2,29.0,20.8,68.0,6.9
2017-07-01,25.33,129.55,39.99,2.796411043,0.67,7.11,11.34,24.6,29.0,19.3,69.0,6.9
2017-07-02,30.07,110.45,68.84,2.780736196,1.64,6.55,10.47,25.2,29.7,20.5,66.0,6.9
2017-07-03,25.82,93.48,68.34,2.76506135,0.69,6.23,10.21,23.8,29.9,20.9,76.0,6.9
2017-07-04,97.7625,82.18,32.27,2.749386503,0.59,5.81,9.67,23.7,28.7,20.4,76.0,6.9
2017-07-05,169.705,87.64,30.38,2.733711656,0.62,4.7,8.98,23.2,28.2,20.0,79.0,6.9
2017-07-06,241.6475,79.21,27.42,2.71803681,0.52,3.82,9.26,23.8,29.2,20.2,76.0,6.9
2017-07-08,313.59,120.31,32.94,2.702361963,0.69,4.97,9.39,23.2,27.4,20.4,78.0,6.9
2017-07-09,35.29,109.11,31.08,2.686687117,0.6,5.16,9.34,24.4,28.2,20.2,68.0,6.9
2017-07-10,33.44,102.45,29.55,2.67101227,0.63,5.33,10.61,24.8,30.3,20.5,66.0,6.9
2017-07-11,29.38,88.16,29.5,2.655337423,0.64,4.09,12.44,24.1,30.0,20.8,72.0,6.9
2017-07-12,27.64,76.48,26.82,2.639662577,0.68,5.16,18.42,23.7,29.5,21.0,75.0,6.3
2017-07-13,28.97,95.74,30.58,2.62398773,1.53,4.45,24.82,22.9,28.5,20.0,75.0,7.4
2017-07-14,22.68,96.47,30.3,2.608312883,0.67,5.41,47.62,22.9,27.0,20.0,73.0,6.9
2017-07-15,22.43,112.32,32.43,2.592638037,0.6,7.9,47.14,22.2,27.2,20.2,80.0,6.9
2017-07-16,17.2,98.67,31.1,2.57696319,0.52,6.3,23.82,23.2,28.0,19.7,74.0,6.9
2017-07-17,21.05,110.36,30.06,2.561288344,0.58,4.72,44.94,23.9,28.8,20.0,70.0,7.7
2017-07-18,18.45,82.75,29.79,2.545613497,0.62,4.58,27.09,22.9,28.3,20.7,78.0,6.9
2017-07-19,16.44,66.58,31.75,2.52993865,0.68,4.71,30.16,22.2,26.6,20.6,87.0,6.9
2017-07-20,31.68,87.62,31.34,2.514263804,0.65,5.1,54.5,23.5,26.7,20.6,66.0,6.9
2017-07-21,21.53,104.24,31.7,2.498588957,1.12,5.3,41.97,23.8,28.7,19.7,74.0,6.9
2017-07-22,20.15,120.48,33.19,2.48291411,1.35,4.29,53.85,24.8,29.0,20.0,69.0,6.3
2017-07-23,17.34,117.82,32.36,2.467239264,1.08,5.61,24.37,24.4,30.5,20.5,70.0,6.9
2017-07-24,24.23,111.03,31.45,2.451564417,1.08,5.68,42.69,24.8,30.3,20.2,68.0,6.9
2017-07-25,28.54,99.2,30.72,2.435889571,1.4,5.2,50.04,25.2,30.3,20.5,65.0,6.9
2017-07-26,23.68,105.63,30.53,2.420214724,0.59,4.73,51.12,25.4,30.5,20.5,64.0,6.9
2017-07-27,24.49,95.5,31.02,2.404539877,0.59,5.17,55.9,24.4,30.2,20.5,71.0,6.9
2017-07-28,21.77,77.97,28.74,2.388865031,1.17,4.57,51.05,24.7,31.1,21.0,71.0,6.9
2017-07-29,27.91,88.52,29.8,2.373190184,1.07,4.72,56.82,24.7,31.3,20.6,69.0,6.9
2017-07-30,22.36,91.72,29.57,2.357515337,1.07,4.67,23.6,25.2,30.7,21.3,72.0,6.3
2017-07-31,27.27,90.24,28.65,2.341840491,0.48,5.23,45.36,24.9,30.7,22.0,75.0,5.8
2017-08-01,26.57,91.01,26.22,2.326165644,1.5,5.34,54.93,25.2,30.5,21.4,67.0,6.9
2017-08-02,20.74,91.07,26.36,2.310490798,1.77,5.6,41.25,25.0,31.5,21.6,69.0,6.9
2017-08-03,17.67,74.63,25.46,2.294815951,2.95,5.31,39.16,24.3,31.2,20.3,72.0,6.9
2017-08-04,13.74,62.14,25.64,2.279141104,0.63,5.89,25.85,23.8,29.5,20.3,74.0,6.3
2017-08-05,17.69,78.23,27.5,2.263466258,1.27,5.13,30.04,24.3,29.0,21.3,74.0,6.9
2017-08-06,15.21,81.72,27.33,2.247791411,2.44,5.32,6.06,24.8,29.5,21.3,69.0,6.9
2017-08-07,22.82,88.33,27.76,2.232116564,2.91,5.27,54.59,25.7,30.2,21.2,65.0,6.3
2017-08-08,21.07,99.54,27.75,2.216441718,2.01,5.79,48.17,25.8,31.2,22.0,66.0,6.9
2017-08-09,22.31,92.2,29.38,2.200766871,0.95,5.12,33.6,23.8,31.3,21.5,79.0,6.9
2017-08-10,14.14,77.12,27.85,2.185092025,0.61,4.46,9.71,23.9,27.5,20.7,79.0,6.9
2017-08-11,10.11,71.85,32.5,2.169417178,0.68,4.06,16.65,23.5,28.0,21.0,85.0,5.5
2017-08-12,3.91,61.7,32.46,2.153742331,0.86,5.24,18.87,23.6,28.2,20.5,77.0,6.9
2017-08-13,4.69,116.59,32.78,2.138067485,1.14,4.6,23.74,23.3,27.6,21.2,75.0,6.3
2017-08-14,19.41,115.3,32.52,2.122392638,0.96,4.92,26.54,24.8,27.6,21.6,67.0,6.9
2017-08-15,20.88,68.12,29.7,2.106717791,0.64,5.4,7.35,22.3,28.3,19.2,84.0,6.9
2017-08-16,17.91,60.6,24.95,2.091042945,1.01,5.43,20.51,23.0,27.4,20.0,78.0,6.9
2017-08-17,18.42,78.23,29.56,2.075368098,1.25,4.51,21.86,23.3,28.5,20.2,80.0,6.9
2017-08-18,14.92,57.1,30.9,2.059693252,0.61,4.3,21.39,23.1,28.2,20.4,82.0,6.9
2017-08-19,18.66,53.12,27.62,2.044018405,0.68,4.7,20.13,22.6,28.9,20.3,84.0,6.3
2017-08-20,10.89,61.8,29.64,2.028343558,1.02,4.93,11.17,22.3,28.6,20.3,86.0,6.9
2017-08-21,14.53,88.86,28.09,2.012668712,0.95,4.92,16.04,23.6,27.0,20.3,78.0,6.9
2017-08-22,18.87,89.66,26.93,1.996993865,0.89,5.08,20.89,23.4,28.0,21.0,80.0,6.9
2017-08-23,18.18,75.76,26.59,1.981319018,0.85,4.21,27.15,24.0,28.0,20.6,77.0,6.9
2017-08-24,59.05,66.25,27.01,1.965644172,0.71,4.66,21.84,22.9,28.6,20.6,85.0,7.4
2017-08-25,97.97,49.59,25.15,1.949969325,0.57,4.71,19.86,22.8,26.8,20.5,86.0,4.8
2017-08-26,14.19,72.62,26.25,1.934294479,0.97,4.61,19.83,23.8,28.0,20.8,77.0,6.9
2017-08-27,11.71,48.41,26.08,1.918619632,0.67,4.85,7.65,22.3,28.5,21.0,89.0,4.8
2017-08-28,17.58,89.92,28.01,1.902944785,0.86,5.52,13.12,22.8,26.5,20.5,83.0,6.9
2017-08-29,16.33,100.74,28.51,1.887269939,1.01,4.79,14.98,22.4,26.2,20.5,86.0,5.8
2017-08-30,20.42,90.87,26.31,1.871595092,0.85,4.85,16.33,24.5,27.7,21.1,77.0,6.9
2017-08-31,24.96,111.68,26.74,1.855920245,0.77,5.48,24.66,24.9,29.0,20.5,73.0,6.4
2017-09-01,158.67,86.06,26.66,1.840245399,1.25,4.92,13.48,23.7,30.6,19.8,84.0,6.3
2017-09-02,114.92,87.12,31.99,1.824570552,0.82,4.8,15.86,22.6,27.8,20.8,92.0,4.8
2017-09-03,14.2,59.94,30.59,1.808895706,0.68,4.77,29.74,23.2,27.3,19.9,87.0,5.5
2017-09-04,39.74,85.24,30.16,1.793220859,0.77,4.65,23.83,24.8,29.5,18.7,75.0,6.9
2017-09-05,14.2,98.1,28.6,1.777546012,1.34,5.28,23.99,25.4,30.2,21.3,72.0,7.4
2017-09-06,21.2,49.13,28.55,1.761871166,0.63,5.28,27.63,23.1,29.8,19.8,90.0,6.9
2017-09-07,9.57,100.44,30.93,1.746196319,0.7,5.62,12.5,24.1,28.5,21.3,83.0,6.3
2017-09-08,32.86,72.73,30.75,1.730521472,0.91,4.7,34.54,23.9,30.0,20.5,82.0,6.3
2017-09-09,22.63,83.19,36.31,1.714846626,0.69,4.83,15.06,23.6,28.2,20.0,82.0,6.8
2017-09-10,14.52,93.49,39.24,1.699171779,0.68,5.96,9.66,24.1,28.0,20.3,79.0,6.9
2017-09-11,15.27,115.56,42.37,1.683496933,0.73,6.18,9.5,24.8,27.8,21.9,77.0,6.9
2017-09-12,17.48,104.51,39.09,1.667822086,0.73,5.45,11.3,26.0,30.2,22.1,70.0,8.5
2017-09-13,16.5,108.42,34.8,1.652147239,0.67,4.68,12.87,25.3,31.0,22.2,72.0,6.9
2017-09-14,14.05,90.68,29.42,1.636472393,0.94,4.4,28.38,24.8,30.6,21.0,75.0,6.9
2017-09-15,8.58,71.81,31.38,1.620797546,0.58,4.68,18.53,23.7,31.1,21.0,78.0,6.9
2017-09-16,8.49,92.8,31.42,1.605122699,0.37,5.42,14.39,23.7,29.5,20.8,80.0,6.9
2017-09-17,7.02,52.78,31.84,1.589447853,0.42,5.52,5.9,21.3,29.4,19.5,93.0,6.3
2017-09-18,8.57,66.31,28.46,1.573773006,0.42,5.12,6.18,22.7,27.3,19.3,81.0,6.9
2017-09-19,7.68,87.05,29.35,1.55809816,0.42,5.56,19.64,23.1,27.2,20.4,75.0,6.3
2017-09-20,10.21,81.53,28.47,1.542423313,0.47,5.14,25.61,23.2,27.7,19.4,68.0,6.9
2017-09-21,12.64,80.51,28.19,1.526748466,0.38,5.16,24.16,22.8,28.5,19.3,80.0,6.3
2017-09-22,17.93,80.49,27.46,1.51107362,0.35,4.89,28.96,24.3,27.7,20.5,68.0,6.9
2017-09-23,21.62,91.14,30.95,1.495398773,0.4,5.3,41.31,25.6,29.5,20.6,63.0,6.9
2017-09-24,23.7,112.5,35.09,1.479723926,0.49,6.04,29.38,24.3,30.5,20.5,76.0,6.3
2017-09-25,19.26,53.18,29.23,1.46404908,0.4,5.49,24.14,22.8,29.0,19.4,81.0,6.3
2017-09-26,22.47,76.88,29.13,1.448374233,0.48,4.76,27.37,23.8,27.2,20.6,78.0,6.9
2017-09-27,28.3,50.86,38.34,1.432699387,0.57,6.16,7.85,21.9,28.1,20.0,91.0,5.5
2017-09-28,21.59,90.26,24.81,1.41702454,0.32,4.63,21.6,22.5,26.8,20.4,86.0,6.3
2017-09-29,22.36,71.25,29.64,1.401349693,0.5,5.13,8.95,22.7,26.2,20.3,86.0,6.9
2017-09-30,30.65,68.52,26.24,1.385674847,0.45,5.74,29.89,22.7,27.0,20.4,88.0,6.3
2017-10-01,20.01,57.46,27.01,1.37,0.38,4.53,21.92,23.1,27.4,20.7,85.0,6.3
2017-10-02,20.5,46.54,25.68,1.8,0.52,5.64,34.02,23.3,28.4,19.4,82.0,6.3
2017-10-03,22.85,63.75,25.43,1.81,0.49,4.49,29.93,24.9,28.0,20.6,74.0,6.9
2017-10-04,121.63,67.04,24.72,7.5,0.57,5.36,30.31,24.3,29.3,21.0,78.0,6.9
2017-10-05,21.36,42.33,32.24,21.6,0.66,5.07,10.53,22.0,29.6,20.1,95.0,5.3
2017-10-06,24.73,55.39,28.49,17.21,0.6,5.66,28.31,23.1,28.0,20.7,86.0,4.5
2017-10-07,29.16,70.61,26.77,17.23,0.58,4.55,21.99,23.7,29.0,21.2,84.0,5.5
2017-10-08,78.14,65.04,22.5,14.42,0.58,4.22,35.86,24.6,28.8,21.3,80.0,6.9
2017-10-09,26.08,71.87,25.0,15.19,1.35,5.2,20.43,24.8,29.0,21.5,80.0,6.6
2017-10-10,32.21,73.85,29.03,14.78,2.02,3.93,45.08,24.5,29.3,19.6,77.0,6.9
2017-10-11,22.5,62.71,31.64,17.4,0.64,4.38,34.99,23.8,29.8,20.2,81.0,5.5
2017-10-12,27.29,54.56,30.86,16.24,0.57,4.2,22.7,23.2,30.7,20.5,83.0,6.3
2017-10-13,24.83,52.24,30.63,16.58,0.5,4.49,14.59,22.9,27.5,20.5,87.0,5.3
2017-10-14,32.61,44.65,28.07,15.1,0.48,4.64,9.9,22.1,27.6,19.8,93.0,3.7
2017-10-15,40.34,50.86,34.04,18.62,0.46,4.22,13.39,22.3,25.6,19.6,85.0,5.3
2017-10-16,21.63,76.61,29.07,15.09,0.43,4.05,15.03,22.4,26.0,19.8,84.0,6.3
2017-10-17,27.86,118.88,35.25,21.29,0.55,4.37,17.23,23.1,26.4,20.9,78.0,6.3
2017-10-18,39.39,188.67,41.73,23.66,0.62,4.81,27.54,23.3,27.0,21.0,79.0,5.0
2017-10-19,44.66,147.94,32.42,21.72,0.57,4.39,34.64,23.7,29.0,20.1,67.0,6.0
2017-10-20,79.76,264.9,40.38,22.47,0.58,5.88,38.72,24.4,29.8,20.4,67.0,6.3
2017-10-21,39.67,157.62,32.18,16.86,0.87,5.69,34.89,24.8,30.6,20.4,66.0,6.3
2017-10-22,22.44,118.74,31.05,14.94,0.79,5.32,28.1,23.9,30.5,20.4,54.0,5.8
2017-10-23,26.85,123.41,33.32,17.72,1.08,5.39,33.95,24.1,30.5,19.2,52.0,6.9
2017-10-24,42.56,176.27,44.63,25.27,1.26,5.62,27.3,25.0,31.0,18.4,56.0,6.9
2017-10-25,35.29,134.15,43.04,26.42,1.59,4.42,20.57,25.2,31.3,20.8,64.0,6.3
2017-10-26,25.49,88.04,39.14,22.64,1.22,4.26,12.69,23.7,29.6,21.0,68.0,7.7
2017-10-27,26.03,87.11,36.53,19.54,1.03,4.26,19.69,23.9,28.8,20.2,68.0,6.9
2017-10-28,37.38,91.81,39.18,22.25,1.55,4.97,32.07,23.9,30.0,19.8,60.0,6.9
2017-10-29,47.47,100.35,39.01,21.46,1.08,4.3,36.67,24.2,28.8,20.3,59.0,6.9
2017-10-30,45.49,82.59,32.5,16.63,0.77,3.71,32.74,21.6,29.6,19.3,78.0,6.3
2017-10-31,122.41,68.08,33.67,24.36,0.84,3.6,47.84,22.2,26.7,19.4,71.0,6.9
2017-11-01,39.88,56.91,24.85,47.53,0.48,2.66,43.92,21.7,25.0,19.9,78.0,6.9
2017-11-02,66.54,57.13,26.81,50.52,0.44,4.15,44.38,22.9,26.6,18.8,66.0,6.9
2017-11-03,58.73,73.54,29.41,62.33,0.56,5.08,52.18,23.2,27.8,19.3,66.0,6.9
2017-11-04,41.02,64.65,34.07,27.96,0.76,3.3,43.23,22.1,28.0,19.7,80.0,6.9
2017-11-05,26.7,29.28,29.05,23.52,0.69,3.33,17.19,21.5,25.6,19.3,87.0,5.5
2017-11-06,22.05,27.3,29.82,22.24,0.75,3.15,6.75,21.7,25.4,19.7,89.0,6.3
2017-11-07,27.98,42.42,33.64,25.13,0.82,3.51,7.02,21.5,25.6,19.2,87.0,6.9
2017-11-08,26.89,40.08,33.43,25.46,0.86,2.98,13.74,22.0,26.0,18.3,80.0,6.9
2017-11-09,25.94,66.25,37.65,26.42,0.97,3.26,30.46,22.5,27.2,18.6,64.0,6.3
2017-11-10,31.21,51.65,30.19,20.93,0.9,2.76,24.08,22.5,27.8,17.9,65.0,6.9
2017-11-11,32.87,77.14,36.09,24.53,0.99,3.99,30.86,20.7,28.6,17.2,76.0,6.0
2017-11-12,26.99,72.0,36.27,24.2,0.86,3.85,14.76,21.9,26.2,15.8,64.0,6.0
2017-11-13,30.4,57.77,32.51,22.14,0.74,3.68,43.16,23.6,28.2,19.3,65.0,6.3
2017-11-14,26.94,65.86,30.57,20.53,0.91,4.15,37.68,23.5,29.1,19.4,74.0,6.9
2017-11-15,30.7,66.28,27.55,17.34,0.93,3.88,39.31,24.4,28.7,21.0,74.0,6.3
2017-11-16,37.93,78.07,34.47,23.09,0.95,4.34,34.31,24.2,29.2,19.6,74.0,6.3
2017-11-17,35.72,71.36,30.34,18.76,0.89,3.97,37.48,23.7,29.2,21.3,72.0,6.3
2017-11-18,34.96,63.17,36.57,22.57,0.71,3.59,19.28,24.1,29.6,20.9,74.0,6.9
2017-11-19,30.66,59.05,39.44,25.1,0.92,3.76,15.11,24.1,30.0,20.5,71.0,6.3
2017-11-20,32.21,58.7,36.61,25.05,0.91,3.59,17.27,24.2,29.0,20.7,70.0,6.3
2017-11-21,25.79,41.37,34.1,26.66,0.89,3.83,3.14,23.8,29.6,20.2,70.0,6.3
2017-11-22,44.84,46.73,37.02,28.5,0.85,3.36,15.6,23.1,29.1,19.5,69.0,6.3
2017-11-23,38.07,63.39,42.75,28.13,0.98,4.05,28.57,23.7,29.3,18.1,65.0,6.0
2017-11-24,17.64,80.23,46.1,30.94,0.95,3.89,29.13,24.1,29.7,18.7,62.0,6.3
2017-11-25,17.81,81.86,50.65,34.88,0.94,3.81,38.5,22.7,30.0,18.6,65.0,5.8
2017-11-26,15.67,69.67,48.12,33.72,0.9,3.75,35.73,22.2,28.0,17.4,76.0,6.0
2017-11-27,10.7,57.05,47.51,34.14,0.92,3.82,24.36,22.4,26.8,19.2,78.0,6.0
2017-11-28,11.46,65.13,50.06,34.51,0.93,3.95,22.54,23.0,27.7,18.2,68.0,6.0
2017-11-29,197.41,64.65,39.39,26.59,0.77,3.99,23.71,22.8,29.6,18.3,64.0,6.0
2017-11-30,74.5,36.84,32.3,22.72,0.97,4.12,19.73,21.3,27.6,19.3,88.0,4.8
2017-12-01,1.76,19.23,31.43,21.32,0.65,3.23,4.11,19.8,24.7,19.0,95.0,4.0
2017-12-02,1.72,53.35,35.74,23.42,0.62,2.98,4.61,19.8,21.6,18.2,88.0,4.8
2017-12-03,32.42,69.73,42.05,29.32,0.86,2.16,8.9,20.8,23.6,18.3,82.0,6.9
2017-12-04,18.72,71.86,42.47,30.26,0.86,2.58,24.47,21.2,25.0,18.4,79.0,5.5
2017-12-05,11.27,63.98,40.08,25.19,0.7,3.02,12.45,21.4,26.5,19.0,77.0,5.3
2017-12-06,93.7,92.18,44.52,28.15,0.89,4.86,14.20086957,22.9,27.4,19.0,71.0,6.0
2017-12-07,70.22,77.97,47.64,31.84,1.27,4.42,15.95173913,22.8,29.2,18.5,63.0,6.3
2017-12-08,103.18,93.55,66.21,50.17,1.05,4.75,17.7026087,22.6,29.7,15.9,47.0,6.3
2017-12-09,90.59,108.41,62.95,44.62,1.1,4.86,19.45347826,22.6,30.8,16.8,55.0,6.8
2017-12-10,81.28,117.05,57.89,38.79,1.06,4.96,21.20434783,22.4,29.8,17.7,59.0,6.3
2017-12-11,63.5,85.74,38.93,41.9,0.78,4.41,22.95521739,23.4,29.5,17.1,53.0,6.0
2017-12-12,96.11666667,85.6,33.87,33.0,0.57,3.84,24.70608696,23.1,30.0,18.5,67.0,4.8
2017-12-13,128.7333333,93.92,39.02,28.17,0.79,3.72,26.45695652,22.7,28.1,19.6,72.0,4.2
2017-12-14,161.35,73.5,43.69,34.18,0.94,3.71,28.20782609,22.6,28.5,18.4,63.0,6.0
2017-12-15,85.57,55.14,81.78,67.93,0.96,2.87,29.95869565,22.2,29.3,17.1,66.0,6.0
2017-12-16,75.91,63.26,42.57,29.85,0.8,3.2,31.70956522,21.3,28.4,17.5,70.0,6.3
2017-12-17,79.75,69.56,48.64,31.65,0.89,3.56,33.46043478,21.0,26.7,17.0,56.0,6.3
2017-12-18,84.85,81.51,63.33,39.92,0.89,3.66,35.21130435,20.5,26.7,16.0,57.0,6.0
2017-12-19,76.92,72.71,50.27,31.68,0.97,3.71,36.96217391,21.0,26.0,15.3,63.0,6.3
2017-12-20,107.9,70.28,80.93,88.57,1.0,6.38,38.71304348,22.1,28.0,17.2,58.0,6.3
2017-12-21,84.55,62.23,115.11,69.84,0.95,5.76,40.46391304,22.0,28.8,16.0,56.0,6.3
2017-12-22,71.71,58.04,142.35,77.93,0.95,3.32,42.21478261,21.8,28.3,16.8,57.0,6.3
2017-12-23,56.14,60.26,61.7,37.69,0.9,3.55,43.96565217,21.0,28.2,17.4,60.0,5.8
2017-12-24,48.78,38.57,31.49,17.8,0.69,2.29,45.71652174,21.4,27.7,15.0,58.0,6.3
2017-12-25,159.52,45.31,29.62,14.41,0.71,2.78,47.4673913,20.4,28.5,16.6,72.0,6.0
2017-12-26,63.3,60.95,32.19,20.89,0.81,2.72,49.21826087,21.6,28.0,16.2,57.0,6.3
2017-12-27,73.7,87.05,44.73,26.75,0.91,3.4,50.96913043,20.6,29.2,15.5,57.0,5.8
2017-12-28,62.76,83.3,44.56,25.49,0.96,3.38,52.72,19.6,28.1,15.2,58.0,6.3
2017-12-29,32.57,74.48,48.73,27.48,1.13,3.6,17.18,20.6,26.5,14.2,52.0,6.3
2017-12-30,26.74,70.68,42.6,24.2,1.06,3.26,33.48,20.6,27.3,15.3,60.0,6.8
2017-12-31,18.29,59.11,41.94,24.62,1.02,2.95,32.36,21.4,27.85,15.95,56.5,7.25
2018-01-01,38.06,74.54,42.23,22.62,1.04,3.2,25.89,22.2,28.4,16.6,53.0,7.7
2018-01-02,35.12,78.63,41.7,21.46,1.0,3.37,24.78,22.1,28.9,17.8,58.0,5.1
2018-01-03,28.84,69.71,50.19,25.24,1.09,2.8,35.27,22.2,29.0,18.4,62.0,6.0
2018-01-04,24.57,80.05,46.14,25.4,0.96,3.32,46.62,21.6,27.6,17.0,61.0,6.3
2018-01-05,24.31,93.29,52.5,27.28,1.04,5.34,51.89,20.7,28.3,15.5,54.0,6.3
2018-01-06,30.02,94.22,51.77,26.54,0.98,4.28,59.57,20.2,27.2,14.7,52.0,5.8
2018-01-07,40.05,94.39,49.36,24.43,0.99,3.37,62.13,20.4,27.2,15.2,52.0,6.3
2018-01-08,34.88,77.23,46.38,24.61,0.93,4.26,76.84,20.1,27.2,14.8,50.0,6.9
2018-01-09,28.74,76.89,43.41,22.08,0.96,16.6,70.18,21.2,26.6,15.5,59.0,6.3
2018-01-10,31.37,71.0,29.81,20.93,0.89,3.16,54.29,21.8,27.1,18.2,66.0,5.8
2018-01-11,54.32,63.45,45.27,31.34,0.96,4.91,37.03,22.7,28.3,17.3,65.0,6.9
2018-01-12,37.55,76.54,36.51,24.24,1.35,5.74,48.6,23.1,29.4,18.7,64.0,6.3
2018-01-13,36.12,98.69,43.3,28.98,0.93,3.51,47.39,23.4,30.6,17.6,48.0,6.3
2018-01-14,34.43,110.99,44.87,30.63,1.29,3.2,53.1,23.3,31.0,16.3,42.0,5.8
2018-01-15,38.84,100.57,33.96,20.85,0.89,3.35,66.4,22.4,30.7,16.3,49.0,6.3
2018-01-16,41.35,99.23,41.68,26.35,0.92,3.47,59.88,22.9,30.5,17.1,49.0,6.3
2018-01-17,46.76,101.11,37.47,23.5,0.92,3.58,64.8,21.8,29.9,16.8,49.0,5.5
2018-01-18,37.73,103.52,39.62,24.32,1.01,3.66,65.34,21.2,28.6,15.3,41.0,6.3
2018-01-19,55.0,92.99,38.68,23.41,1.21,4.22,71.99,20.7,28.7,14.3,48.0,6.9
2018-01-20,33.34,114.17,38.67,23.33,1.16,4.32,80.04,20.4,28.0,14.2,45.0,6.3
2018-01-21,33.55,104.31,33.77,20.26,1.14,3.97,81.55,20.9,28.5,14.3,46.0,6.3
2018-01-22,39.03,119.95,34.14,19.57,1.14,4.24,77.88,20.4,29.0,14.4,48.0,5.6
2018-01-23,48.08,132.27,35.2,20.22,1.24,4.59,60.85,22.1,28.8,15.3,57.0,6.0
2018-01-24,45.88,125.43,44.92,28.47,1.19,4.59,43.36,22.4,29.7,17.2,59.0,6.3
2018-01-25,39.93,129.02,33.76,20.55,1.06,4.19,56.22,22.7,29.1,17.1,48.0,6.3
2018-01-26,39.28,117.17,32.42,18.82,0.94,4.24,63.78,21.9,29.8,16.2,44.0,6.3
2018-01-27,47.03,143.26,36.38,21.59,1.04,4.21,61.21,21.3,29.0,16.0,53.0,6.9
2018-01-28,39.38,124.79,30.66,18.06,0.89,4.28,62.46,21.9,28.2,16.5,50.0,6.3
2018-01-29,33.47,114.19,36.21,20.86,1.05,4.17,55.34,22.0,29.2,16.0,50.0,6.9
2018-01-30,53.56,115.21,32.79,18.96,0.99,3.89,56.31,21.5,29.5,15.7,47.0,5.6
2018-01-31,37.93,112.97,36.09,20.81,1.06,4.07,52.6,21.4,29.2,15.0,42.0,6.9
2018-02-01,33.99,106.5,49.14,31.0,1.08,5.01,41.2,21.9,29.6,13.2,26.0,6.9
2018-02-02,29.63,103.77,42.78,25.09,1.44,4.38,49.36,22.6,30.4,15.9,30.0,8.5
2018-02-03,28.81,104.97,33.25,19.43,1.04,6.48,46.48,21.7,30.1,15.8,32.0,6.9
2018-02-04,23.31,99.74,32.25,17.81,0.93,12.74,42.53,21.2,29.4,13.4,40.0,6.9
2018-02-05,29.23,94.58,32.53,19.56,0.95,3.37,40.8,22.3,30.0,13.7,37.0,7.4
2018-02-06,32.55,98.75,29.05,17.18,0.89,3.52,40.51,24.4,31.8,18.0,50.0,6.9
2018-02-07,30.93,95.75,30.04,18.77,0.94,3.22,25.11,23.3,32.3,20.2,67.0,6.3
2018-02-08,35.48,87.19,45.34,32.12,1.1,4.2,27.4,23.3,30.0,19.2,54.0,6.9
2018-02-09,37.87,96.52,43.01,26.93,1.01,4.36,30.91,24.4,30.2,19.7,61.0,6.9
2018-02-10,30.34,84.89,39.51,25.66,0.99,6.63,25.27,24.2,31.6,19.7,55.0,6.3
2018-02-11,28.29,96.63,23.84,14.77,0.88,3.42,38.11,24.0,30.7,17.7,51.0,6.0
2018-02-12,27.9,88.93,24.85,15.02,0.98,2.99,32.61,23.3,30.8,18.0,62.0,6.8
2018-02-13,30.53,55.15,17.2,12.96,1.01,1.84,44.28,23.5,30.2,18.5,49.0,6.3
2018-02-14,32.43,68.55,17.59,13.54,0.96,1.61,38.23,23.3,29.9,17.9,58.0,6.9
2018-02-15,30.19,59.31,18.7,15.35,0.96,1.47,35.76,23.4,30.7,17.4,60.0,6.3
2018-02-16,29.62,53.91,30.03,22.24,0.98,2.79,36.38,23.7,31.0,17.6,38.0,6.9
2018-02-17,32.11,70.68,37.85,23.18,1.03,8.54,43.4,23.8,31.3,17.5,42.0,6.9
2018-02-18,27.53,64.77,22.89,15.17,0.95,5.69,49.17,24.0,31.9,17.7,42.0,6.9
2018-02-19,28.6,62.32,26.23,17.17,1.05,4.22,51.46,24.3,32.1,16.8,34.0,6.3
2018-02-20,28.89,66.18,22.48,16.61,1.09,3.15,55.88,22.8,32.2,17.4,39.0,6.9
2018-02-21,34.62,79.69,32.97,20.66,0.98,3.36,52.95,24.2,31.5,17.5,31.0,6.9
2018-02-22,37.13,64.91,39.61,26.13,0.95,3.19,52.15,24.9,31.5,17.8,30.0,6.9
2018-02-23,34.6,71.15,31.9,19.82,0.94,2.94,52.09,24.3,32.4,18.4,26.0,6.9
2018-02-24,26.41,56.42,19.98,15.15,0.96,2.35,35.76,23.2,31.2,15.6,41.0,6.9
2018-02-25,21.87,33.81,14.46,13.05,0.92,2.34,37.55,24.7,31.2,17.3,34.0,7.4
2018-02-26,21.31,25.9,27.46,23.09,1.01,2.61,30.2,25.0,32.0,17.8,34.0,6.9
2018-02-27,23.35,30.13,26.31,20.8,0.94,3.87,32.51,25.2,32.7,18.2,28.0,6.9
2018-02-28,29.3,56.03,32.9,25.1,1.04,3.4,31.63,25.0,33.0,16.7,27.0,6.9
2018-03-01,29.48,99.47,27.41,20.33,0.95,3.09,36.47,25.2,33.2,18.2,26.0,6.9
2018-03-02,30.38,116.47,38.24,21.33,0.98,3.53,45.24,25.5,32.5,18.3,25.0,6.9
2018-03-03,38.39,121.49,36.26,26.83,1.0,3.14,43.82,25.7,33.2,17.5,21.0,6.9
2018-03-04,36.56,128.58,24.85,31.34,1.02,4.2,44.8,26.1,34.4,18.3,24.0,6.9
2018-03-05,30.79,94.71,34.44,39.95,1.02,3.71,36.83,26.3,34.0,18.3,24.0,6.9
2018-03-06,32.09,109.19,32.76,29.06,0.96,3.85,33.61,25.9,34.4,17.5,17.0,7.7
2018-03-07,33.88,114.17,25.14,19.18,0.98,3.83,46.63,25.5,34.6,16.5,29.0,7.7
2018-03-08,41.37,125.36,27.15,19.49,1.08,3.66,40.31,25.4,33.5,18.5,25.0,6.9
2018-03-09,59.48,133.95,47.26,31.65,1.09,4.07,40.87,26.2,33.3,17.8,27.0,6.9
2018-03-10,59.82,143.26,37.1,25.26,1.05,4.18,33.03,25.7,33.5,18.5,34.0,6.9
2018-03-11,45.19,123.62,22.32,20.37,1.03,3.7,45.61,26.2,33.0,19.7,34.0,6.3
2018-03-12,35.82,105.52,17.43,16.54,1.05,4.01,38.92,25.4,33.8,19.5,51.0,6.9
2018-03-13,20.49,63.71,14.01,13.79,1.14,4.08,20.48,25.8,32.5,20.1,57.0,6.9
2018-03-14,29.23,85.74,16.94,15.38,1.15,4.17,38.25,26.5,31.6,22.4,50.0,6.9
2018-03-15,26.46,54.8,22.08,17.84,1.15,3.95,26.5,25.8,32.1,21.6,60.0,6.9
2018-03-16,19.13,33.54,28.79,15.29,1.03,3.88,23.65,24.1,32.5,20.6,72.0,6.9
2018-03-17,23.01,33.85,27.98,22.16,1.02,4.27,26.48,23.7,32.0,18.9,70.0,6.9
2018-03-18,20.75,33.52,16.69,25.18,1.09,3.39,20.61,24.7,29.1,20.3,64.0,6.9
2018-03-19,31.94,57.31,24.94,28.1,0.97,3.33,50.57,25.6,31.0,19.6,39.0,7.4
2018-03-20,43.91,70.07,35.38,34.02,1.49,3.26,46.5,26.7,33.8,19.5,37.0,6.9
2018-03-21,42.72,98.38,31.97,31.3,1.55,3.02,53.46,27.4,33.7,21.4,44.0,6.9
2018-03-22,31.78,176.51,50.97,38.75,1.83,3.78,34.26,27.4,34.1,22.6,46.0,7.7
2018-03-23,40.18,136.77,62.66,50.12,1.23,3.89,32.05,28.2,34.2,22.3,40.0,7.7
2018-03-24,37.72,141.77,27.94,28.5,0.82,3.61,58.64,27.6,35.1,23.4,49.0,6.9
2018-03-25,38.84,113.42,27.43,47.05,1.05,3.59,54.78,27.3,33.4,21.7,43.0,7.7
2018-03-26,29.345,94.3,35.66,31.84,0.67,5.17,64.14,27.1,34.1,20.8,34.0,6.9
2018-03-27,19.85,72.36,34.2,23.6,0.78,6.99,73.5,27.4,34.4,21.5,42.0,6.9
2018-03-30,20.55076923,126.18,25.98,34.17,1.05,1.48,73.136,25.7,34.0,21.5,71.0,6.9
2018-03-31,21.25153846,95.37,24.6,27.21,1.05,2.58,72.772,25.9,34.8,21.1,60.0,6.3
2018-04-01,21.95230769,112.89,22.45,17.49,0.86,2.83,72.408,27.6,33.2,21.2,54.0,6.9
2018-04-02,22.65307692,96.92,26.81,31.9,1.0,3.0,72.044,24.7,33.5,20.6,72.0,6.9
2018-04-03,23.35384615,100.63,40.15,49.37,1.15,3.91,71.68,26.1,33.1,19.8,55.0,7.4
2018-04-04,24.05461538,106.41,35.38,45.2,0.89,3.42,71.316,26.2,31.5,21.4,54.0,6.9
2018-04-05,24.75538462,114.6,33.5,51.07,1.22,3.39,70.952,26.4,32.7,21.0,51.0,6.6
2018-04-06,25.45615385,108.71,37.46,55.02,1.03,3.64,70.588,27.4,33.2,21.3,48.0,6.9
2018-04-07,26.15692308,109.09,28.66,33.33,0.78,3.55,70.224,26.7,33.5,21.6,51.0,8.5
2018-04-08,26.85769231,94.63,24.25,12.97,0.66,3.4,69.86,26.4,32.6,21.0,47.0,6.9
2018-04-09,27.55846154,67.05,23.57,10.6,0.7,3.34,69.496,26.2,32.7,21.0,49.0,6.9
2018-04-12,28.25923077,64.13,26.2,39.18,0.9,3.24,69.132,27.5,33.2,21.9,51.0,6.9
2018-04-13,28.96,57.17,25.44,41.42,0.98,3.56,68.768,27.6,33.5,21.7,51.0,6.9
2018-04-14,29.45,60.06,22.0,35.53,0.96,3.8,68.404,28.3,34.0,23.1,50.0,6.9
2018-04-15,29.94,57.83,16.94,17.16,0.67,3.42,68.04,28.2,34.6,23.9,52.0,7.7
2018-04-16,30.43,55.0,19.09,12.56,0.69,3.01,67.676,27.2,33.7,22.6,61.0,6.9
2018-04-17,32.38,61.9,27.27,32.3,0.87,2.74,67.312,28.2,34.6,22.3,50.0,6.9
2018-04-18,36.4,69.46,30.93,35.66,0.96,2.73,66.948,29.0,34.2,23.5,49.0,6.9
2018-04-19,47.67,79.33,27.36,18.62,0.91,6.9,66.584,27.9,34.8,23.9,63.0,6.9
2018-04-20,36.52,60.94,32.2,27.12,0.85,2.28,66.22,25.5,34.0,22.8,63.0,6.9
2018-04-21,33.4,84.17,37.81,41.59,0.9,2.7,74.47666667,28.2,34.8,22.2,51.0,7.4
2018-04-22,33.42,75.88,19.6,23.46,0.78,3.94,82.73333333,26.1,34.8,23.0,68.0,6.9
2018-04-23,41.19,60.47,19.98,22.84,0.8,3.94,90.99,27.2,33.8,22.0,51.0,6.9
2018-04-24,42.62,77.31,29.87,24.4,0.82,4.05,55.89,25.1,34.2,23.5,69.0,6.9
2018-04-25,42.99,58.32,53.65,29.28,0.98,4.06,49.01,26.6,34.0,22.2,63.0,6.9
2018-04-26,49.93,61.1926087,24.84,21.13,0.85,5.71,46.4,27.2,34.4,22.8,62.0,6.9
2018-04-27,44.12,64.06521739,20.7,30.23,1.16,5.25,53.72,28.3,34.7,22.0,51.0,9.2
2018-04-28,39.22,66.93782609,21.73,31.32,0.91,5.54,40.12,27.7,34.2,22.5,49.0,7.7
2018-04-29,44.57,69.81043478,28.96,26.98,0.69,6.03,45.33,28.3,34.0,23.8,53.0,6.9
2018-04-30,187.49,72.68304348,25.4,12.72,1.14,5.46,46.3,27.0,34.9,23.2,58.0,6.9
2018-05-01,59.11,75.55565217,18.64,9.9,0.59,6.12,48.92,26.9,35.2,21.4,64.0,6.3
2018-05-02,65.71,78.42826087,24.39,21.7,0.9,9.43,41.52,26.5,33.0,23.3,73.0,7.7
2018-05-03,44.58,81.30086957,34.25,31.13,0.88,5.83,46.69,25.9,34.0,20.0,72.0,6.9
2018-05-04,113.31,84.17347826,26.78,36.23,1.16,6.65,45.87,26.1,33.2,19.2,63.0,6.3
2018-05-05,62.35,87.04608696,33.46,18.98,0.72,4.22,38.61,27.0,32.0,23.1,57.0,6.9
2018-05-06,79.0,89.91869565,24.55,14.69,0.73,5.71,44.38,27.9,33.0,22.7,54.0,8.5
2018-05-07,50.52,92.79130435,60.58,32.23,0.91,5.1,36.48,27.8,33.5,23.4,57.0,6.9
2018-05-08,55.88,95.66391304,33.39,13.81,0.8,6.3,32.43,25.9,33.5,22.8,70.0,6.9
2018-05-09,32.46,98.53652174,27.7,19.63,0.69,5.64,52.6,27.2,32.8,21.8,59.0,6.9
2018-05-10,28.99,101.4091304,27.51,17.75,0.81,5.31,41.46,25.7,32.4,20.6,69.0,6.3
2018-05-11,27.03,104.2817391,39.99,18.71,0.89,5.48,24.19,24.4,34.0,19.4,75.0,6.3
2018-05-12,27.01,107.1543478,24.22,13.98,0.88,4.33,39.45,25.7,32.2,19.8,67.0,6.9
2018-05-13,26.73,110.0269565,26.31,13.73,0.86,5.76,46.78,24.9,32.0,21.5,74.0,7.4
2018-05-14,33.13,112.8995652,47.07,21.25,0.87,7.1,37.5,23.8,32.0,21.0,78.0,6.9
2018-05-15,35.64,115.7721739,41.15,18.25,0.7,6.35,44.59,24.8,31.4,20.6,63.0,6.3
2018-05-16,34.36,118.6447826,34.6,16.48,0.82,6.26,29.15,26.2,32.4,20.7,57.0,6.3
2018-05-17,39.69,121.5173913,24.0,15.82,0.9,5.16,41.75,26.7,31.0,21.9,51.0,6.9
2018-05-18,43.05,124.39,33.14,27.53,1.1,4.09,35.22,24.2,29.2,22.2,79.0,6.3
2018-05-19,45.09,94.78,42.69,34.28,0.98,4.82,42.52,25.9,31.2,21.4,66.0,6.9
2018-05-20,47.83,66.81,18.67,10.96,0.79,4.3,47.98,25.2,32.4,20.5,65.0,6.9
2018-05-21,52.64,58.23,33.17,19.8,0.8,4.51,36.12,24.1,32.4,21.5,77.0,6.3
2018-05-22,59.24,71.88,35.39,20.95,1.06,3.12,41.2,26.3,31.0,20.5,70.0,6.9
2018-05-23,62.6,84.46,35.36,26.25,0.93,4.33,30.74,23.7,31.6,21.2,81.0,6.9
2018-05-24,35.4,65.64,32.53,21.18,0.92,4.77,34.78,26.3,31.9,20.4,63.0,6.9
2018-05-25,46.14,64.28,30.05,21.53,0.95,4.87,27.78,23.5,32.0,21.4,89.0,6.3
2018-05-26,33.64,43.62,30.58,26.53,1.12,3.78,22.59,25.0,29.8,21.1,78.0,5.5
2018-05-27,41.73,52.37,29.69,27.37,1.02,3.86,19.04,26.0,30.8,22.2,71.0,6.9
2018-05-28,29.29,48.38,18.87,18.11,1.19,4.26,30.76,26.7,32.0,22.3,74.0,7.4
2018-05-29,16.92,27.94,15.29,17.52,1.18,3.57,27.82,25.6,32.2,22.4,73.0,6.9
2018-05-30,35.67,38.75,21.27,16.18,1.01,3.68,23.37,24.6,30.5,21.5,80.0,6.9
2018-05-31,33.16,41.38,22.99,17.21,1.03,3.55,21.01,25.6,29.7,20.9,77.0,7.7
2018-06-01,42.07,60.8,25.48,19.15,0.99,3.69,24.28,24.4,30.3,21.8,83.0,6.6
2018-06-02,44.47,54.34,35.43,24.13,1.06,6.55,23.96,23.8,31.0,20.9,81.0,5.5
2018-06-03,38.79,29.26,22.36,15.78,1.01,4.18,16.46,23.7,29.8,20.8,83.0,6.9
2018-06-04,23.35,28.86,20.58,16.36,0.96,4.39,15.51,23.8,30.4,21.0,81.0,6.9
2018-06-05,25.5,22.18,16.5,15.62,0.94,6.31,16.54,25.5,29.7,21.2,78.0,8.9
2018-06-06,22.77,27.69,17.25,15.45,1.04,7.21,12.58,25.6,29.7,21.9,67.0,6.9
2018-06-07,25.27,31.71,16.84,17.37,1.0,5.85,13.22,23.9,30.1,21.7,79.0,6.9
2018-06-08,19.28,21.36,15.8,16.94,0.91,6.23,11.05,23.3,29.0,21.2,83.0,6.3
2018-06-09,19.32,26.98,16.01,16.88,0.96,5.35,15.82,22.0,25.8,20.7,86.0,6.6
2018-06-10,18.93,28.7,20.85,20.16,0.92,5.19,12.71,22.6,25.0,20.5,89.0,5.5
2018-06-11,23.76,34.25,15.51,18.29,0.99,4.66,10.74,23.7,26.0,21.0,81.0,6.0
2018-06-12,23.78,48.19,13.32,15.48,0.99,3.37,13.91,24.2,28.0,21.0,76.0,6.9
2018-06-13,27.34,48.59,15.9,18.48,0.95,4.0,12.97,24.1,28.3,20.8,77.0,6.3
2018-06-14,31.79,35.64,19.26,20.84,1.02,2.91,16.41,23.2,27.9,21.0,84.0,6.3
2018-06-15,61.43,33.51,23.54,21.94,1.01,3.21,18.53,23.8,29.6,20.5,77.0,6.9
2018-06-16,22.24,43.59,18.63,20.74,1.09,3.24,13.77,24.1,31.0,20.1,77.0,6.3
2018-06-17,17.38,42.66,15.39,18.77,1.06,3.83,8.71,23.6,30.0,20.9,80.0,6.9
2018-06-18,13.38,100.6,14.75,19.88,1.15,4.93,11.02,23.5,28.7,20.3,77.0,6.9
2018-06-19,32.62,100.12,12.51,17.4,1.06,4.53,14.71,23.8,28.9,20.1,74.0,6.9
2018-06-20,13.64,73.69,14.01,18.08,1.06,4.83,21.95,23.4,29.1,20.7,78.0,6.9
2018-06-21,16.71,76.66,20.26,20.93,1.02,5.1,25.83,23.5,28.0,20.9,79.0,6.9
2018-06-22,18.94,79.08,31.69,27.45,1.02,4.68,26.92,23.2,28.0,19.7,78.0,6.9
2018-06-23,23.76,55.83,23.67,22.5,1.03,4.7,17.71,22.5,28.0,20.3,85.0,6.3
2018-06-24,21.84,73.73,15.51,18.69,0.98,4.64,15.09,23.2,27.8,19.7,76.0,6.9
2018-06-25,51.82,70.62,14.77,16.14,1.01,4.79,14.73,23.5,27.8,20.1,77.0,6.9
2018-06-26,32.62,56.97,13.9,13.51,0.93,4.78,18.29,23.1,28.1,20.2,75.0,6.9
2018-06-27,11.68,42.25,15.17,12.58,1.02,4.87,16.43,21.9,28.0,20.1,86.0,6.9
2018-06-28,9.23,34.44,17.93,14.8,0.99,5.5,15.6,22.4,26.2,20.0,85.0,6.9
2018-06-29,11.93,44.86,17.94,17.54,0.99,5.95,17.84,23.1,26.6,20.1,78.0,6.9
2018-06-30,18.23,65.8,33.04,38.97,1.0,6.63,10.67,23.8,29.0,19.5,75.0,6.9
2018-07-01,19.15,64.03,22.68,32.18,0.89,6.11,11.29,24.2,29.5,20.6,75.0,6.9
2018-07-02,16.29,55.13,27.31,31.9,0.88,6.9,16.14,24.8,29.4,20.9,68.0,6.9
2018-07-03,21.63,62.68,20.07,28.51,0.87,7.51,16.04,24.4,30.2,20.7,68.0,6.9
2018-07-04,18.55,71.37,15.35,23.4,0.79,6.49,14.42,24.1,29.0,20.5,67.0,6.9
2018-07-05,20.36,74.52,17.48,24.0,0.82,6.47,15.83,24.5,29.6,19.7,65.0,6.9
2018-07-06,21.44,58.91,16.86,23.64,0.86,6.63,15.59,22.8,29.6,20.0,80.0,6.9
2018-07-07,15.56,38.84,17.49,22.69,0.76,7.2,18.73,22.9,26.3,20.5,82.0,6.9
2018-07-08,22.83,42.49,14.5,19.14,0.89,7.09,16.35,22.4,26.4,20.3,86.0,8.0
2018-07-09,21.11,56.44,18.16,27.64,0.88,7.5,13.71,22.8,26.4,20.7,85.0,6.9
2018-07-10,36.65,52.63,20.32,28.01,0.87,7.49,14.05,22.7,26.9,20.6,86.0,7.4
2018-07-11,20.8,53.13,16.23,24.79,0.9,8.27,14.5,22.5,27.0,20.3,87.0,6.3
2018-07-12,17.82,51.19,14.74,20.39,0.75,8.6,15.79,22.8,27.3,20.1,80.0,6.9
2018-07-13,16.63,47.82,15.78,20.25,0.78,7.14,18.07,22.2,27.4,20.5,86.0,7.7
2018-07-14,18.87,60.54,15.81,22.41,0.75,7.47,16.19,22.4,26.5,20.3,86.0,6.9
2018-07-15,17.08,63.33,12.25,16.7,0.71,6.66,17.01,23.6,27.2,20.4,74.0,6.9
2018-07-16,19.93,47.19,16.2,25.39,0.8,7.32,13.25,22.2,28.4,20.2,79.0,6.9
2018-07-17,16.98,53.45,15.05,16.7,0.82,7.56,18.52,22.4,26.2,19.8,79.0,6.9
2018-07-18,18.83,56.14,13.81,11.96,0.8,7.75,17.83,23.8,28.0,19.7,74.0,6.9
2018-07-19,16.82,43.02,16.04,13.91,0.86,7.58,18.19,23.0,28.6,21.0,79.0,6.9
2018-07-20,15.52,41.94,16.03,13.27,0.83,7.49,22.36,23.0,27.0,20.4,77.0,6.9
2018-07-21,17.44,52.67,17.69,13.99,0.83,7.68,21.97,22.7,26.9,20.3,83.0,8.5
2018-07-22,18.63,67.89,14.94,11.91,0.85,8.01,21.53,23.6,27.8,20.3,74.0,6.9
2018-07-23,19.86,51.56,18.69,18.1,0.87,7.9,15.16,22.7,28.3,20.4,82.0,6.3
2018-07-24,17.85,50.14,16.37,15.74,0.92,7.08,13.77,23.1,27.6,20.3,84.0,6.9
2018-07-25,17.62,44.75,18.57,19.77,0.94,7.68,12.29,23.3,28.2,20.2,82.0,6.9
2018-07-26,20.0,55.87,28.4,33.72,0.83,7.55,13.43,23.7,28.8,20.6,79.0,6.9
2018-07-27,22.28,64.9,21.86,22.7,0.76,7.46,15.22,23.3,27.3,20.5,76.0,6.9
2018-07-28,21.05,64.54,17.94,15.78,0.77,6.84,16.19,23.5,27.3,20.0,82.0,6.9
2018-07-29,20.1,57.53,15.62,14.34,0.79,6.51,15.94,23.8,27.4,20.7,78.0,6.9
2018-07-30,22.92,65.5,18.15,23.4,0.97,7.18,14.61,23.8,27.8,20.5,78.0,6.9
2018-07-31,20.96,67.39,19.01,26.45,0.75,6.44,15.43,23.1,28.3,20.3,81.0,6.9
2018-08-01,20.59,68.6,22.78,29.88,0.83,6.0,14.61,21.9,27.2,19.4,85.0,5.5
2018-08-02,20.73,68.41,19.33,24.09,0.83,6.28,15.23,23.6,28.0,18.7,77.0,6.9
2018-08-03,23.34,71.35,18.78,26.75,0.9,6.5,12.05,23.3,28.6,20.8,76.0,6.9
2018-08-04,27.61,94.02,18.82,31.52,0.9,6.8,12.14,22.8,28.8,20.1,79.0,6.9
2018-08-05,20.75,81.19,15.27,23.82,0.83,7.15,13.44,23.8,27.8,20.3,74.0,6.9
2018-08-06,23.63,66.31,18.0,26.37,0.78,5.94,14.22,23.1,28.1,20.2,78.0,6.6
2018-08-07,18.24,59.59,18.39,26.63,0.81,6.18,13.14,21.9,27.7,19.7,84.0,7.4
2018-08-08,18.35,43.88,20.05,31.6,0.87,6.68,11.18,22.0,25.4,20.0,88.0,5.5
2018-08-09,17.33,55.07,17.68,28.22,0.83,6.27,13.65,23.4,27.6,20.2,76.0,6.3
2018-08-10,18.24,59.31,16.8,29.13,0.79,7.52,11.75,22.7,28.2,20.5,82.0,6.3
2018-08-11,18.6,46.24,17.12,28.96,0.78,6.44,11.75,21.9,26.5,20.0,84.0,5.5
2018-08-12,10.61,35.22,13.53,21.04,0.77,6.96,12.48,21.4,25.6,19.7,88.0,5.5
2018-08-13,11.4,39.72,15.3,25.47,0.8,5.96,11.69,21.7,24.6,19.4,85.0,7.4
2018-08-14,13.1,31.87,17.12,30.21,0.89,6.34,11.02,21.9,25.0,19.6,88.0,5.5
2018-08-15,15.35,36.24,15.93,26.23,0.85,6.35,11.1,22.2,25.7,20.1,87.0,5.5
2018-08-16,12.86,38.58,16.13,23.99,0.68,5.58,15.54,22.4,25.7,20.2,82.0,4.8
2018-08-17,16.77,52.28,15.35,25.21,0.67,5.76,14.21,23.2,26.8,20.3,78.0,4.8
2018-08-18,20.09,65.73,15.9,24.67,0.73,6.76,14.37,23.4,27.5,20.0,76.0,6.3
2018-08-19,16.78,52.97,16.35,24.39,0.69,6.44,15.56,23.3,27.4,20.7,77.0,6.3
2018-08-20,24.78,67.41,18.52,30.67,0.74,6.65,14.54,22.8,27.3,20.2,78.0,6.9
2018-08-21,20.61,77.55,17.55,29.4,0.77,5.95,16.38,23.3,27.4,19.7,72.0,6.9
2018-08-22,20.75,74.0,17.29,30.51,0.78,6.92,16.23,23.7,28.2,19.7,72.0,6.9
2018-08-23,17.29,52.66,17.95,32.44,0.9,7.32,13.6,23.3,28.0,20.5,77.0,6.3
2018-08-24,18.74,60.28,18.94,34.56,0.82,7.81,12.61,22.4,28.8,19.9,83.0,6.9
2018-08-25,22.36,75.89,19.62,36.32,0.92,7.61,12.01,23.7,27.8,19.8,75.0,6.9
2018-08-26,18.42,60.03,18.03,31.57,0.93,7.07,13.19,22.4,28.5,20.0,83.0,6.3
2018-08-27,19.86,64.68,19.41,36.57,0.86,7.09,10.61,21.9,28.3,19.5,86.0,6.3
2018-08-28,21.93,63.28,18.83,31.9,0.81,6.5,12.42,22.6,26.4,19.6,82.0,6.9
2018-08-29,20.52,49.08,18.42,30.96,0.87,6.94,10.52,22.9,27.4,20.0,82.0,6.9
2018-08-30,23.33,66.23,17.92,32.55,0.79,7.56,11.59,23.3,28.2,20.3,82.0,6.9
2018-08-31,19.74,57.18,23.85,38.66,0.83,7.34,12.01,23.3,28.8,20.3,78.0,7.4
2018-09-01,23.62,78.59,18.76,29.17,0.8,7.25,15.32,23.7,28.3,20.0,73.0,6.9
2018-09-02,21.84,69.2,17.44,26.12,0.76,8.3,17.84,23.8,28.2,20.3,71.0,6.6
2018-09-03,25.06,73.19,20.87,36.16,0.87,8.66,16.89,24.7,29.3,19.7,61.0,6.9
2018-09-04,32.78,81.02,26.03,37.81,0.91,8.63,18.24,24.4,29.8,19.7,61.0,6.6
2018-09-05,25.32,77.04,21.06,31.97,0.85,7.69,18.23,24.3,29.9,20.4,64.0,6.3
2018-09-06,25.21,71.56,21.41,33.3,0.8,8.53,17.79,24.4,29.2,19.9,65.0,6.9
2018-09-07,27.2,66.34,20.41,32.1,0.79,8.27,16.77,24.4,29.2,20.3,63.0,6.9
2018-09-08,18.32,47.45,19.4,23.04,0.75,7.58,17.16,24.3,29.1,20.1,66.0,6.9
2018-09-09,19.07,56.66,23.74,25.42,0.82,7.65,23.36,25.7,30.0,20.5,59.0,6.9
2018-09-10,28.1,72.52,29.62,28.16,0.96,7.71,21.64,24.1,31.1,21.6,72.0,6.9
2018-09-11,30.34,79.46,34.78,35.58,0.95,6.95,32.98,25.3,30.0,21.7,64.0,5.5
2018-09-12,24.47,73.31,38.97,42.15,0.96,7.44,33.73,25.9,31.1,20.9,63.0,6.9
2018-09-13,29.84,76.26,38.83,39.47,0.99,8.27,21.83,25.0,31.6,22.3,72.0,6.9
2018-09-14,27.72,76.6,42.11,42.26,0.98,7.55,32.17,24.8,30.3,20.4,69.0,6.3
2018-09-15,24.1,56.2,40.13,41.69,0.95,7.46,25.3,23.9,31.7,20.1,77.0,6.6
2018-09-16,24.43,55.34,35.93,46.22,0.96,8.26,19.68,22.6,30.3,20.5,89.0,5.0
2018-09-17,19.03,49.62,30.55,41.59,0.83,7.87,11.82,23.45,28.45,20.75,79.0,5.7
2018-09-18,19.86,64.1,24.34,32.53,0.76,7.24,13.4,24.3,26.6,21.0,69.0,6.4
2018-09-19,20.21,69.15,23.2,28.88,0.76,7.82,16.89,24.1,28.2,20.3,69.0,6.9
2018-09-20,25.55,74.65,41.9,54.46,0.89,7.22,18.67,22.7,29.1,19.5,81.0,6.3
2018-09-21,26.75,81.33,33.38,37.62,0.8,6.83,19.11,23.5,28.4,20.0,71.0,6.3
2018-09-22,24.45,80.93,30.37,40.33,0.83,7.24,21.83,23.9,28.2,18.4,64.0,6.9
2018-09-23,30.84,75.04,38.12,39.6,0.85,7.1,26.8,24.3,29.0,21.4,76.0,5.5
2018-09-24,22.6,56.12,35.0,37.99,0.93,6.7,29.89,23.9,28.9,20.35,76.0,5.5
2018-09-25,26.76,63.24,40.97,45.05,0.99,6.79,22.54,23.5,28.8,19.3,76.0,5.5
2018-09-26,31.25,76.66,28.45,32.14,0.87,6.76,23.35,24.4,29.7,20.4,72.0,6.3
2018-09-27,29.24,72.24,30.94,37.06,0.94,6.59,20.67,23.7,30.3,19.9,79.0,5.5
2018-09-28,26.36,77.69,27.64,34.42,0.8,6.14,14.86,25.1,29.2,21.3,72.0,6.9
2018-09-29,17.35,64.18,25.67,33.62,0.79,6.06,12.5,25.3,29.9,21.4,69.0,6.9
2018-09-30,25.28,62.82,23.56,31.12,0.81,5.67,16.11,25.4,30.2,21.8,75.0,6.3
2018-10-01,21.61,66.61,25.53,34.21,0.87,6.59,18.94,25.5,30.9,21.6,73.0,6.9
2018-10-02,14.51,51.79,19.67,26.83,0.74,6.36,15.9,24.9,30.3,21.3,71.0,6.9
2018-10-03,15.17,52.6,20.76,27.91,0.76,6.27,16.22,24.1,30.4,21.6,75.0,6.9
2018-10-04,21.47,46.9,21.67,32.94,0.8,6.52,8.9,21.8,30.6,20.8,91.0,4.8
2018-10-05,13.99,40.41,19.47,29.23,0.78,6.96,11.69,23.0,25.8,20.6,84.0,4.8
2018-10-06,14.0,42.0,19.84,29.19,0.78,6.52,10.5,22.5,26.4,20.4,88.0,5.5
2018-10-07,20.86,69.05,23.91,32.48,0.74,6.73,16.31,24.2,28.2,20.2,70.0,6.9
2018-10-08,32.94,96.04,26.49,34.31,0.79,6.84,18.26,24.1,29.5,20.8,72.0,6.3
2018-10-09,31.82,91.63,32.27,41.65,0.85,6.89,22.25,24.3,29.5,20.6,65.0,6.3
2018-10-10,40.93,109.21,34.32,47.59,0.81,6.48,23.46,24.0,30.0,20.0,58.0,6.9
2018-10-11,55.08,147.26,43.63,63.94,0.99,6.55,21.65,25.0,30.0,20.0,56.0,9.2
2018-10-12,56.31,151.57,44.04,60.98,0.93,6.53,22.96,25.1,31.0,20.8,56.0,6.9
2018-10-13,72.74,158.69,41.95,57.57,0.9,6.35,28.02,25.0,31.5,20.4,67.0,6.3
2018-10-14,48.48,100.3,26.49,28.07,0.8,6.28,34.33,24.0,30.3,21.0,75.0,6.9
2018-10-15,41.44,88.52,28.25,31.68,0.88,6.36,23.25,23.4,29.8,20.1,82.0,6.9
2018-10-16,35.37,94.07,26.88,31.15,0.74,6.52,19.06,24.3,28.6,20.7,75.0,6.9
2018-10-17,19.99,51.83,22.81,32.79,0.75,6.56,18.23,22.4,29.3,19.8,83.0,6.9
2018-10-18,62.95,55.23,28.34,37.9,0.82,6.45,21.13,23.1,28.5,18.9,79.0,6.3
2018-10-19,20.75,61.94,21.84,27.29,0.74,6.31,19.64,24.4,28.7,20.2,71.0,7.4
2018-10-20,25.61,86.65,25.93,31.45,0.75,6.74,27.25,23.8,29.3,19.7,58.0,6.9
2018-10-21,36.42,122.86,30.1,38.3,0.74,7.29,29.37,23.7,29.0,19.7,60.0,6.3
2018-10-22,37.81,132.8,41.15,51.26,1.04,7.54,29.12,23.5,28.4,17.4,50.0,6.3
2018-10-23,49.17,123.18,43.25,52.1,1.16,8.02,24.69,21.9,29.4,17.4,62.0,5.0
2018-10-24,62.67,111.41,40.4,47.8,1.01,8.31,24.3,24.7,30.2,17.7,49.0,7.4
2018-10-25,46.34,121.55,36.95,45.09,1.02,6.52,25.3,23.9,30.2,18.2,58.0,5.5
2018-10-26,50.19,123.42,40.42,46.02,1.01,7.67,30.95,23.8,29.3,18.7,58.0,6.6
2018-10-27,39.65,112.7,45.83,51.24,1.03,6.75,37.95,23.4,29.5,18.2,51.0,6.9
2018-10-28,37.32,96.1,45.79,47.93,0.97,6.29,38.38,23.5,29.5,16.7,40.0,6.3
2018-10-29,36.11,101.84,56.14,65.76,1.12,7.03,35.49,23.0,29.6,16.8,43.0,6.3
2018-10-30,40.12,109.55,58.13,73.78,1.19,6.8,28.94,24.1,29.8,16.6,54.0,5.5
2018-10-31,40.02,106.07,42.16,46.05,1.06,5.81,26.11,24.8,30.1,19.7,64.0,6.3
2018-11-01,20.96,66.49,31.6,37.49,0.95,7.01,23.72,24.3,30.4,20.0,65.0,6.3
2018-11-02,17.57,56.53,24.14,29.12,0.96,6.14,16.57,22.9,30.3,19.8,78.0,6.6
2018-11-03,21.42,63.23,24.36,28.45,1.1,6.46,20.21,22.8,27.7,20.4,81.0,5.5
2018-11-04,21.84,77.72,22.91,25.74,0.82,6.17,27.03,23.5,28.1,18.8,71.0,6.9
2018-11-05,23.98,90.86,28.89,32.92,1.03,6.14,21.7,23.6,29.0,19.7,66.0,6.3
2018-11-06,41.38,116.55,30.42,34.18,1.12,7.11,20.31,24.1,29.6,19.8,63.0,6.9
2018-11-07,57.03,107.56,31.2,34.22,1.04,7.8,27.35,23.3,30.0,18.0,48.0,6.9
2018-11-08,61.98,108.02,32.99,38.24,0.99,7.7,23.63,22.2,29.6,16.0,60.0,6.9
2018-11-09,33.68,98.45,29.99,32.31,0.99,5.77,25.02,23.4,29.2,17.5,58.0,6.3
2018-11-10,50.36,88.44,35.38,39.15,1.05,4.97,29.27,23.4,30.1,17.9,58.0,7.6
2018-11-11,55.48,101.12,37.67,43.57,1.11,5.67,34.04,23.2,30.4,18.2,53.0,5.6
2018-11-12,63.66,120.24,47.6,65.11,1.38,6.65,25.83,22.3,30.3,17.3,50.0,6.9
2018-11-13,71.05,130.84,50.42,59.92,1.46,7.96,28.07,22.4,30.0,16.2,44.0,6.9
2018-11-14,77.53,143.53,56.64,77.83,1.57,7.78,25.98,23.0,30.5,14.8,44.0,6.9
2018-11-15,58.35,105.52,43.91,50.94,1.43,6.5,17.61,23.3,31.0,16.5,68.0,6.9
2018-11-16,25.1,59.99,28.79,31.59,1.05,5.06,19.48,22.4,28.6,19.7,79.0,6.9
2018-11-17,49.2,96.6,28.7,28.53,1.02,5.2,35.62,22.18571429,28.05714286,19.68571429,81.0,6.485714286
2018-11-18,41.2,83.45,20.87,25.94,1.01,5.38,26.38,21.97142857,27.51428571,19.67142857,83.0,6.071428571
2018-11-19,19.95,61.66,22.54,28.63,1.1,5.57,13.5,21.75714286,26.97142857,19.65714286,85.0,5.657142857
2018-11-20,25.85,67.23,28.52,35.0,1.09,5.21,16.08,21.54285714,26.42857143,19.64285714,87.0,5.242857143
2018-11-21,33.31,71.11,28.34,32.46,1.02,5.74,21.91,21.32857143,25.88571429,19.62857143,89.0,4.828571429
2018-11-22,17.95,39.52,24.12,30.52,1.03,5.89,11.65,21.11428571,25.34285714,19.61428571,91.0,4.414285714
2018-11-23,25.58,50.78,27.32,34.72,1.11,5.57,11.55,20.9,24.8,19.6,93.0,4.0
2018-11-24,108.3,93.05,29.96,32.39,1.04,5.34,25.36,22.9,26.4,19.0,76.0,6.0
2018-11-25,61.34,106.53,27.32,27.58,0.85,5.25,41.24,22.6,27.6,19.2,70.0,4.8
2018-11-26,71.66,119.7,30.65,30.14,0.83,5.65,58.03,22.2,28.8,18.0,66.0,5.6
2018-11-27,54.73,137.9,36.44,36.17,0.84,5.5,62.99,20.8,29.0,16.3,64.0,5.0
2018-11-28,59.58,112.2,29.98,32.37,0.89,5.6,52.81,21.6,27.4,15.5,69.0,6.0
2018-11-29,42.06,86.54,25.48,28.83,0.93,5.48,42.35,22.4,28.8,18.3,72.0,6.0
2018-11-30,43.16,79.92,28.44,30.83,0.89,5.46,47.85,23.2,28.0,18.6,66.0,5.5
2018-12-01,40.67,83.54,31.03,34.43,0.97,5.49,50.45,21.8,29.5,18.0,62.0,6.3
2018-12-02,28.25,68.25,24.59,27.96,0.79,6.21,59.89,21.8,28.3,15.6,56.0,6.9
2018-12-03,33.56,69.43,25.62,29.75,0.8,6.78,43.92,21.7,28.8,18.2,67.0,6.9
2018-12-04,25.83,74.27,26.42,34.03,0.89,5.86,24.11,22.4,27.2,19.1,80.0,6.9
2018-12-05,51.43,64.2,23.94,30.8,0.87,5.69,26.63,23.2,27.2,19.5,73.0,6.9
2018-12-06,29.32,81.35,29.76,33.09,0.9,6.47,35.15,23.5,28.3,20.0,73.0,6.3
2018-12-07,37.49,150.02,31.25,34.16,0.93,5.9,33.42,22.3,29.3,18.3,70.0,6.8
2018-12-08,61.0,98.66,33.48,28.09,0.78,5.86,52.77,22.5,28.2,17.7,72.0,6.8
2018-12-09,63.28,110.14,23.23,19.92,0.75,7.38,80.57,23.1,29.4,17.6,62.0,5.8
2018-12-10,75.78,137.41,30.66,31.44,1.04,5.77,76.51,22.6,30.2,18.3,63.0,5.8
2018-12-11,88.98,177.97,38.55,39.46,1.08,5.94,69.85,22.7,29.3,17.7,67.0,5.6
2018-12-12,78.59,142.62,40.02,39.8,1.05,6.32,66.64,23.1,28.8,18.5,66.0,6.0
2018-12-13,67.36,103.83,36.8,37.08,1.03,6.32,59.79,22.3,29.9,18.7,70.0,6.0
2018-12-14,48.45,84.47,36.41,38.05,0.97,6.57,50.06,22.8,28.9,17.7,59.0,5.3
2018-12-15,47.62,81.06,35.48,39.72,0.96,6.24,48.1,21.8,28.9,17.7,59.0,6.3
2018-12-16,64.42,109.67,40.02,38.75,0.98,6.45,73.64,20.5,28.0,16.6,58.0,6.0
2018-12-17,86.94,140.52,54.92,76.09,1.29,7.69,51.64,19.8,25.0,15.4,57.0,6.9
2018-12-18,98.84,181.41,63.57,106.26,1.72,5.98,38.34,20.2,26.3,14.4,59.0,4.5
2018-12-19,61.84,132.37,47.79,47.55,1.11,6.12,57.86,21.6,28.5,16.0,67.0,6.3
2018-12-20,45.7,105.66,35.34,35.33,0.83,6.04,64.96,22.2,27.7,17.7,63.0,6.9
2018-12-21,51.63,106.8,38.9,48.19,0.99,5.88,56.78,22.7,28.4,18.1,65.0,6.3
2018-12-22,42.57,93.24,35.19,35.22,0.91,6.01,41.65,23.0,28.8,18.2,66.0,6.6
2018-12-23,37.34,86.46,23.96,25.68,0.82,4.98,46.25,23.2,29.6,19.6,69.0,6.3
2018-12-24,43.13,85.68,27.87,29.5,0.85,5.33,41.44,23.3,29.0,18.3,64.0,6.3
2018-12-25,57.89,102.48,33.44,33.96,0.93,5.24,54.0,23.4,29.1,18.4,62.0,6.0
2018-12-26,59.38,100.47,33.7,33.88,1.01,5.27,55.22,23.8,30.2,17.7,56.0,5.5
2018-12-27,57.28,107.8,31.17,34.5,0.9,5.67,55.3,24.0,31.4,19.0,63.0,6.3
2018-12-28,68.37,111.01,31.77,32.0,0.91,6.12,57.62,22.8,29.6,18.7,68.0,5.3
2018-12-29,65.81,106.31,31.32,32.97,0.89,6.07,47.62,21.8,25.4,18.0,68.0,6.6
2018-12-30,64.29,100.07,28.97,27.6,0.85,5.34,64.73,20.6,26.6,17.2,65.0,5.5
2018-12-31,63.77,107.44,37.46,40.95,1.02,7.25,55.18,20.9,25.8,16.6,51.0,6.6
2019-01-01,61.55,107.76,38.19,41.3,0.98,8.29,56.91,20.3,27.6,14.0,42.0,7.1
2019-01-02,47.27,92.47,39.73,41.65,1.06,10.22,51.25,19.9,28.1,12.4,45.0,6.9
2019-01-03,48.86,96.42,46.55,51.87,1.01,8.15,46.4,20.2,27.6,13.1,41.0,6.8
2019-01-04,51.35,105.52,45.87,50.21,1.09,5.76,41.42,20.8,28.5,13.3,47.0,6.0
2019-01-05,46.57,99.1,41.74,44.4,1.03,6.13,50.61,20.4,28.6,13.6,55.0,6.0
2019-01-06,56.8,105.51,35.73,36.84,0.89,6.36,64.29,20.6,28.4,14.7,56.0,5.5
2019-01-07,58.29,116.5,44.9,48.97,1.05,7.13,55.51,20.8,28.6,14.7,55.0,6.0
2019-01-08,60.04,106.76,49.33,56.53,1.06,7.64,47.42,21.3,29.3,15.2,44.0,6.3
2019-01-09,62.6,113.27,52.68,55.76,1.05,7.01,54.54,21.3,29.6,13.2,40.0,6.3
2019-01-10,63.63,108.49,53.48,53.27,0.94,5.88,56.23,21.1,30.4,14.5,49.0,6.3
2019-01-11,59.52,111.13,49.16,51.67,1.01,5.79,57.02,21.4,29.7,14.5,51.0,6.0
2019-01-12,70.5,121.91,49.28,50.62,1.04,5.73,61.7,21.4,29.7,15.3,49.0,5.8
2019-01-13,54.44,99.59,42.99,43.65,0.93,5.47,65.16,21.5,28.8,14.3,47.0,6.0
2019-01-14,58.36,110.39,47.07,48.49,1.02,4.93,50.93,20.7,30.3,14.5,53.0,6.0
2019-01-15,47.13,86.88,46.93,48.92,0.85,5.28,55.78,21.2,29.3,12.3,34.0,6.9
2019-01-16,62.4,99.49,48.15,44.5,0.98,5.05,69.72,21.4,29.5,14.5,43.0,6.3
2019-01-17,67.83,120.55,42.88,48.8,1.09,5.74,53.81,21.7,29.5,15.5,45.0,6.9
2019-01-18,75.06,118.41,34.15,32.16,1.02,5.35,54.41,21.7,29.7,15.8,48.0,6.0
2019-01-19,59.01,102.34,36.98,33.38,0.94,5.07,46.91,21.8,29.0,14.3,39.0,6.3
2019-01-20,42.33,82.67,32.59,27.7,0.79,5.2,63.97,21.3,30.3,13.7,39.0,6.3
2019-01-21,52.05,99.24,37.39,31.71,0.92,5.32,67.06,21.3,28.6,14.8,44.0,6.9
2019-01-22,72.45,136.15,42.87,46.61,1.06,5.06,72.89,20.4,29.2,14.0,51.0,5.8
2019-01-23,60.91,121.85,42.79,40.52,1.04,5.42,67.41,22.3,29.1,16.2,52.0,6.3
2019-01-24,50.66,109.76,33.87,28.82,0.87,4.97,61.46,23.1,29.6,17.7,56.0,6.3
2019-01-25,35.76,87.96,31.94,28.37,0.84,4.79,56.81,23.3,30.2,17.2,54.0,6.3
2019-01-26,51.09,101.59,30.06,29.19,0.87,5.27,52.2,23.3,30.0,18.8,63.0,6.0
2019-01-27,40.56,87.62,26.0,24.5,0.8,5.16,55.36,23.2,30.2,19.0,65.0,5.5
2019-01-28,38.48,73.19,26.16,24.72,0.73,4.12,53.78,22.8,30.0,18.6,67.0,6.3
2019-01-29,29.81,62.01,29.22,28.59,0.88,4.91,47.64,21.9,29.6,17.7,65.0,6.3
2019-01-30,62.71,92.31,35.51,34.7,1.01,4.8,59.22,22.1,27.4,17.2,54.0,6.9
2019-01-31,48.44,94.63,33.94,30.45,0.88,5.45,67.58,21.7,29.4,16.4,54.0,6.3
2019-02-01,49.67,99.62,37.21,33.41,0.87,5.35,63.66,21.4,28.2,15.7,55.0,6.3
2019-02-02,45.32,96.87,34.78,30.75,0.82,5.01,61.35,22.4,27.8,16.3,57.0,6.3
2019-02-03,39.5,87.56,28.58,24.55,0.8,4.58,64.91,22.9,29.6,16.6,59.0,6.9
2019-02-04,32.91,70.95,27.77,25.35,0.82,4.6,49.04,23.6,30.0,16.8,53.0,6.3
2019-02-05,37.93,82.59,29.41,24.42,0.86,4.54,65.7,23.7,30.7,18.7,59.0,6.3
2019-02-06,60.08,115.27,38.44,33.98,0.88,5.81,78.02,24.3,30.0,17.8,48.0,6.3
2019-02-07,51.88,117.29,36.87,31.49,0.94,5.3,73.99,24.4,31.1,18.3,55.0,6.9
2019-02-08,54.76,108.3,30.73,25.96,0.85,5.21,65.0,26.4,31.8,20.4,51.0,6.3
2019-02-09,68.68,123.42,40.49,37.69,1.25,6.19,55.17,23.7,32.6,20.2,73.0,6.3
2019-02-10,50.31,93.13,32.83,29.4,0.96,4.52,41.91,24.1,31.3,19.1,70.0,6.3
2019-02-11,41.65,78.53,28.6,26.17,0.81,4.04,37.69,23.1,29.7,19.6,65.0,6.9
2019-02-12,49.32,88.06,32.05,27.32,0.82,3.99,49.43,22.8,28.1,17.2,58.0,6.9
2019-02-13,47.31,92.86,34.53,30.98,0.9,4.75,52.51,23.1,29.0,17.3,52.0,6.8
2019-02-14,37.94,84.87,31.95,32.32,0.71,4.88,57.75,24.6,30.4,17.2,51.0,7.7
2019-02-15,35.35,92.27,32.12,32.59,0.87,4.08,59.52,25.2,31.6,19.0,56.0,6.3
2019-02-16,45.37,98.49,35.5,44.47,1.05,4.69,56.07,25.4,31.6,20.7,56.0,6.3
2019-02-17,47.43,108.7,33.19,44.8,0.99,4.15,62.98,26.3,32.7,21.3,44.0,6.9
2019-02-18,42.92,104.51,39.84,54.29,1.23,4.52,48.6,25.7,32.6,19.2,45.0,5.8
2019-02-19,44.28,98.5,33.16,30.1,0.95,4.52,50.9,26.8,34.0,22.0,56.0,6.3
2019-02-20,31.49,79.97,28.91,27.55,0.85,4.39,40.97,25.4,32.8,20.5,53.0,6.9
2019-02-21,36.4,92.9,35.7,36.91,0.96,5.06,41.82,25.1,32.1,18.2,42.0,6.3
2019-02-22,38.35,101.4,40.77,44.74,0.96,5.45,42.98,24.9,31.4,17.6,30.0,6.9
2019-02-23,51.36,113.03,50.05,56.96,1.03,5.53,43.98,25.1,32.6,15.5,27.0,6.9
2019-02-24,47.59,97.06,47.01,50.3,0.94,5.19,53.2,25.8,34.0,16.5,30.0,6.9
2019-02-25,39.23,96.15,46.39,53.87,1.0,6.12,55.66,26.6,34.6,17.2,25.0,6.3
2019-02-26,51.92,101.91,42.06,44.18,0.99,6.29,64.35,26.2,35.5,20.8,46.0,5.5
2019-02-27,45.49,94.03,33.49,32.28,0.93,4.45,58.28,26.3,34.5,21.3,51.0,6.9
2019-02-28,50.8,111.32,38.76,40.15,0.94,4.87,56.36,26.4,33.0,20.5,38.0,6.9
2019-03-01,58.18,125.3,44.64,44.92,1.05,4.93,53.3,26.3,33.8,21.3,57.0,5.3
2019-03-02,40.93,95.38,26.91,26.08,0.83,4.57,49.67,25.9,33.5,21.7,60.0,6.9
2019-03-03,36.98,92.75,30.74,30.01,0.86,4.87,55.58,26.1,32.1,20.5,57.0,6.3
2019-03-04,43.15,100.96,29.23,26.24,0.8,5.09,63.42,27.8,32.4,21.0,50.0,6.9
2019-03-05,49.8,112.83,31.26,33.34,1.11,4.2,56.77,27.8,34.3,23.1,53.0,6.3
2019-03-06,53.53,116.45,35.74,46.05,1.13,4.12,48.36,28.1,34.8,22.7,35.0,6.9
2019-03-07,65.98,158.87,47.25,71.78,1.44,6.25,39.54,28.4,36.4,20.1,25.0,6.9
2019-03-08,69.62,141.49,46.88,58.06,1.32,7.02,49.42,28.3,37.0,21.8,33.0,6.9
2019-03-09,51.08,114.17,27.19,26.56,1.01,5.51,56.41,27.4,35.9,22.5,53.0,6.9
2019-03-10,39.45,85.59,19.09,16.78,0.81,5.12,47.45,28.0,34.0,22.8,49.0,6.9
2019-03-11,34.4,79.55,21.93,19.58,0.75,6.11,55.52,27.8,34.1,23.1,41.0,6.9
2019-03-12,46.15,108.89,27.97,26.33,0.8,8.64,67.73,27.3,34.6,21.5,36.0,6.9
2019-03-13,50.05,120.17,34.27,33.73,0.89,9.55,59.27,26.6,34.0,19.7,32.0,6.6
2019-03-14,43.73,116.74,29.7,32.81,0.73,6.55,65.46,27.2,33.8,19.7,29.0,6.9
2019-03-15,41.75,110.46,35.68,35.5,0.89,6.12,54.19,27.3,34.3,20.2,27.0,6.9
2019-03-16,44.32,118.8,38.3,37.28,0.94,5.15,47.32,26.2,34.1,19.0,30.0,6.9
2019-03-17,45.56,104.35,34.1,29.69,0.87,5.01,66.57,26.6,33.3,18.7,34.0,6.9
2019-03-18,43.24,99.47,31.64,24.96,0.8,5.61,67.48,26.8,34.3,20.4,42.0,6.9
2019-03-19,39.71,94.23,30.9,26.76,0.82,5.13,59.72,27.7,34.2,21.2,45.0,6.9
2019-03-20,39.8,91.98,27.36,22.43,0.73,5.7,57.62,27.7,35.0,23.0,46.0,6.9
2019-03-21,49.74,94.78,27.84,21.97,0.87,5.44,61.82,27.9,34.3,22.7,40.0,6.9
2019-03-22,44.52,96.39,30.85,24.89,0.94,6.86,59.05,28.1,35.0,21.8,43.0,6.9
2019-03-23,51.6,102.51,34.12,27.54,0.97,5.8,58.37,28.8,35.0,22.5,44.0,6.9
2019-03-24,47.42,93.06,28.12,23.65,0.84,6.92,64.14,28.8,35.3,23.7,44.0,6.9
2019-03-25,46.52,105.51,34.13,30.32,0.84,7.66,49.93,28.4,35.5,22.8,41.0,6.9
2019-03-26,48.85,112.26,39.23,36.32,0.93,7.29,57.9,28.3,35.4,21.5,33.0,6.9
2019-03-27,56.52,121.14,40.26,38.77,1.08,6.91,55.64,27.9,35.0,22.6,32.0,7.7
2019-03-28,61.59,129.96,47.4,45.48,1.17,6.72,51.02,28.7,35.4,21.4,32.0,6.9
2019-03-29,58.92,129.31,40.64,39.27,1.14,5.4,62.38,28.7,36.2,23.2,43.0,6.9
2019-03-30,57.09,123.2,38.21,35.11,1.15,4.89,54.03,28.6,35.2,23.4,38.0,6.9
2019-03-31,55.88,107.85,32.37,26.85,0.9,4.68,52.26,28.7,35.3,22.7,44.0,6.9
2019-04-01,53.46,110.5,35.35,32.36,1.01,4.73,49.03,28.7,35.6,22.9,38.0,6.9
2019-04-02,55.62,123.38,40.91,46.62,1.03,5.37,46.15,28.3,36.0,23.6,49.0,6.9
2019-04-03,53.61,120.13,40.06,39.47,0.94,4.96,54.26,29.0,35.0,22.6,43.0,6.6
2019-04-04,58.15,108.63,32.87,32.36,0.94,6.16,50.92,28.4,36.2,23.0,37.0,6.9
2019-04-05,46.54,108.25,37.85,39.93,1.07,5.22,53.59,27.7,35.2,23.0,41.0,6.6
2019-04-06,46.55,112.08,32.46,30.73,0.95,4.83,64.46,28.7,35.4,23.4,39.0,6.9
2019-04-07,51.73,103.64,32.1,30.27,0.98,4.86,68.41,29.5,35.4,24.0,37.0,6.9
2019-04-08,52.79,94.86,34.46,32.46,0.95,5.66,59.17,28.4,36.4,24.0,50.0,6.9
2019-04-09,43.88,90.8,33.09,30.96,1.09,5.07,66.47,28.2,35.6,22.8,52.0,6.9
2019-04-10,52.18,107.04,36.58,32.08,1.13,4.99,45.42,29.3,35.4,22.8,44.0,6.9
2019-04-11,49.25,113.7,34.41,30.94,0.89,5.76,40.76,29.2,36.0,24.2,44.0,6.9
2019-04-12,49.46,109.0,36.1,33.74,0.95,5.41,51.55,30.0,35.8,23.6,37.0,6.9
2019-04-13,47.24,98.37,30.69,28.27,0.92,7.4,52.04,29.4,36.6,24.6,37.0,6.9
2019-04-14,41.74,89.76,27.4,25.14,0.78,8.4,56.7,29.5,36.0,24.2,34.0,6.9
2019-04-15,52.38,92.14,33.83,31.72,1.04,7.56,54.29,29.1,36.2,24.0,36.0,6.9
2019-04-16,40.54,94.39,33.94,32.87,0.99,5.95,51.67,29.7,36.2,23.6,45.0,6.9
2019-04-17,52.84,97.64,31.76,33.1,1.16,5.09,38.4,26.3,36.4,22.8,69.0,6.0
2019-04-18,46.1,72.34,32.17,31.8,1.09,4.1,47.27,27.2,36.0,21.6,60.0,6.9
2019-04-19,42.33,63.83,29.02,25.65,0.9,4.55,47.03,27.6,35.6,21.4,58.0,6.9
2019-04-20,29.75,73.46,31.84,28.96,1.02,5.28,55.89,26.8,33.2,22.4,62.0,6.3
2019-04-21,25.18,69.39,32.67,27.82,1.04,4.9,56.53,27.4,34.2,21.6,55.0,6.3
2019-04-22,40.9,92.48,31.25,29.57,1.1,4.83,45.27,27.7,34.2,23.6,60.0,6.9
2019-04-23,37.08,77.31,32.12,28.78,1.31,4.42,57.49,27.9,35.0,23.2,48.0,6.9
2019-04-24,42.76,85.7,33.95,29.39,1.22,4.37,53.21,28.8,34.2,23.0,44.0,7.7
2019-04-25,57.96,109.49,36.31,32.06,1.19,5.35,54.27,28.8,34.8,22.8,39.0,6.9
2019-04-26,63.83,109.42,33.66,27.21,1.08,4.45,57.17,29.6,35.6,23.5,47.0,6.9
2019-04-27,66.34,123.11,29.77,27.39,0.84,4.97,61.68,30.4,36.6,24.4,42.0,6.9
2019-04-28,61.63,117.36,30.6,28.62,1.0,5.76,53.79,28.3,37.0,24.9,54.0,6.9
2019-04-29,62.42,108.27,30.05,27.53,0.95,4.5,50.57,28.2,34.0,24.0,63.0,6.6
2019-04-30,53.78,94.01,23.6,26.58,0.92,3.88,60.14,24.2,35.0,21.2,78.0,5.6
2019-05-01,42.75,74.84,21.81,23.34,0.99,4.72,55.94,26.3,30.0,21.6,65.0,6.6
2019-05-02,46.45,102.47,21.41,27.32,0.86,4.34,46.73,27.0,31.6,22.0,54.0,7.7
2019-05-03,47.56,95.06,22.23,25.52,0.74,4.43,48.84,27.1,33.4,21.4,56.0,6.9
2019-05-04,56.62,116.59,25.08,26.34,0.85,3.67,51.98,27.3,33.6,22.0,54.0,7.7
2019-05-05,54.62,110.84,26.36,25.65,0.8,4.21,61.04,28.6,35.0,22.4,51.0,6.9
2019-05-06,52.76,106.65,27.54,27.94,0.8,4.03,66.44,28.8,35.6,24.0,50.0,7.6
2019-05-07,42.61,87.52,23.95,27.32,0.86,4.63,47.19,25.5,36.2,20.8,71.0,6.9
2019-05-08,33.28,81.91,25.0,25.5,0.88,4.16,34.37,26.7,33.6,20.6,64.0,7.7
2019-05-09,51.42,94.86,30.32,35.49,1.36,4.4,37.92,27.9,32.6,22.0,55.0,7.4
2019-05-10,39.33,93.68,29.13,27.99,0.94,4.23,49.37,29.4,34.4,23.2,46.0,6.9
2019-05-11,40.38,93.84,27.17,24.4,0.97,3.64,48.35,27.3,35.7,24.6,67.0,6.3
2019-05-12,34.41,93.08,26.85,28.06,1.06,4.01,41.87,27.8,35.2,24.4,58.0,6.9
2019-05-13,32.08,86.2,25.1,22.24,0.91,4.11,50.16,26.7,35.0,21.7,64.0,6.9
2019-05-14,31.91,88.8,24.31,24.52,0.92,5.41,50.77,27.9,35.0,21.8,58.0,6.9
2019-05-15,33.89,81.23,24.45,25.03,1.01,4.29,38.96,25.6,34.8,22.2,73.0,6.3
2019-05-16,38.93,93.74,34.47,36.97,1.23,3.69,44.94,26.08,34.8,22.64,71.0,6.42
2019-05-17,40.64,91.59,32.51,36.02,1.19,4.17,36.64,26.56,34.8,23.08,69.0,6.54
2019-05-18,55.14,118.1,35.15,35.89,1.19,4.54,43.17,27.04,34.8,23.52,67.0,6.66
2019-05-19,51.35,101.63,27.75,25.63,0.97,3.86,45.7,27.52,34.8,23.96,65.0,6.78
2019-05-20,46.82,105.55,29.22,28.8,1.06,4.83,40.95,28.0,34.8,24.4,63.0,6.9
2019-05-21,45.3,93.68,26.31,23.99,0.88,4.25,51.87,28.5,34.4,24.0,61.0,6.6
2019-05-22,40.4,84.74,28.98,30.39,1.11,5.69,62.73,26.9,34.8,23.0,71.0,5.8
2019-05-23,43.26,97.98,34.61,35.36,1.04,3.95,34.01,26.4,34.6,22.6,73.0,6.3
2019-05-24,35.93,75.5,27.67,26.04,0.89,5.29,51.84,26.1,34.0,22.4,72.0,5.8
2019-05-25,26.07,71.31,25.34,25.38,0.79,5.0,54.83,24.8,33.5,21.0,74.0,6.9
2019-05-26,22.5,49.25,26.04,23.18,0.69,3.85,65.11,26.4,32.4,20.6,66.0,6.6
2019-05-27,25.77,59.78,32.49,30.96,0.94,4.44,60.35,27.7,33.8,20.0,64.0,6.9
2019-05-28,38.91,84.93,25.31,25.24,0.92,4.07,51.83,27.5,34.2,23.8,68.0,6.9
2019-05-29,28.66,62.28,24.99,22.09,0.75,4.82,82.31,27.9,33.6,23.0,55.0,6.9
2019-05-30,35.18,77.36,22.93,22.95,0.79,3.96,64.17,27.8,34.0,23.0,65.0,6.9
2019-05-31,30.29,60.85,24.81,24.68,0.82,4.09,69.14,26.5,33.3,22.0,68.0,6.3
2019-06-01,28.95,64.19,27.09,29.63,1.04,4.4,52.56,27.5,33.2,21.0,67.0,6.9
2019-06-02,44.24,64.72,18.31,19.6,0.85,4.39,45.14,26.2,33.2,22.6,75.0,6.3
2019-06-03,20.3,42.09,23.54,24.12,0.9,4.71,51.34,25.5,32.1,21.2,73.0,6.9
2019-06-04,27.33,61.65,24.48,30.04,0.79,4.54,40.04,26.9,31.0,22.1,67.0,6.9
2019-06-05,28.4,56.09,23.56,27.22,0.75,4.73,45.01,25.3,31.8,21.0,77.0,6.0
2019-06-06,25.72,51.53,27.41,27.68,1.02,4.17,46.31,25.8,32.4,20.6,74.0,6.9
2019-06-07,25.02,56.96,31.44,32.77,0.92,5.38,50.51,25.4,32.0,20.6,73.0,7.7
2019-06-08,23.54,53.47,23.49,24.49,0.81,5.1,54.31,26.3,31.5,22.5,74.0,6.9
2019-06-09,16.31,39.84,17.7,20.29,0.66,4.02,50.05,26.7,32.2,22.3,70.0,6.9
2019-06-10,7.85,25.87,16.77,21.21,0.62,4.44,45.0,24.9,33.6,22.0,74.0,8.5
2019-06-11,11.32,30.88,16.85,20.4,0.72,4.58,36.82,25.0,30.0,21.0,74.0,7.7
2019-06-12,12.8,35.87,17.93,22.31,0.61,6.09,30.56,24.2,30.0,21.6,78.0,5.5
2019-06-13,16.38,38.15,17.76,23.51,0.66,7.48,25.3,24.8,29.4,22.0,76.0,6.9
2019-06-14,22.11,47.2,18.09,23.77,0.64,8.44,24.42,25.3,30.6,22.0,73.0,6.9
2019-06-15,23.64,54.09,20.9,24.36,0.68,8.45,24.61,26.5,31.0,21.2,66.0,6.9
2019-06-16,22.01,56.08,18.54,21.24,0.62,8.99,25.18,26.8,31.7,21.5,62.0,6.9
2019-06-17,25.77,64.03,21.68,25.92,0.7,8.36,30.6,26.5,32.2,21.6,58.0,6.9
2019-06-18,28.82,64.96,20.1,22.94,0.7,6.23,30.67,25.9,32.4,22.6,63.0,6.9
2019-06-19,25.41,60.88,20.9,23.52,0.78,4.91,29.26,26.6,31.2,21.5,62.0,6.9
2019-06-20,24.36,53.32,18.74,20.57,0.65,4.96,32.97,25.7,32.3,22.2,65.0,6.9
2019-06-21,25.35,56.61,20.66,22.89,0.74,5.48,38.03,24.6,30.6,20.7,71.0,6.3
2019-06-22,16.58,45.48,20.04,21.76,0.69,5.06,38.81,25.1,29.4,21.6,72.0,9.2
2019-06-23,14.8,36.43,20.19,21.5,0.67,4.46,37.89,23.8,29.4,21.4,81.0,6.9
2019-06-24,18.54,44.9,21.39,22.49,0.71,4.33,32.56,24.5,29.4,21.0,79.0,7.7
2019-06-25,30.39,76.25,23.04,26.12,0.76,4.77,30.97,25.0,29.7,21.4,73.0,6.9
2019-06-26,34.69,61.12,21.39,24.94,0.76,4.15,25.3,24.6,29.8,21.6,71.0,7.7
2019-06-27,26.44,65.51,21.17,24.37,0.72,4.27,28.6,24.9,30.0,21.6,68.0,6.9
2019-06-28,26.98,85.13,21.09,23.98,0.68,4.78,33.5,25.2,31.0,21.0,62.0,6.9
2019-06-29,25.37,81.98,24.27,27.38,0.72,4.7,37.55,25.1,31.2,21.0,65.0,6.9
2019-06-30,20.16,63.53,17.51,19.15,0.63,3.91,33.55,24.6,30.6,21.6,69.0,6.9
2019-07-01,26.89,70.15,18.8,21.32,0.71,4.63,35.0,25.6,29.8,21.0,61.0,6.9
2019-07-02,20.79,62.01,19.94,23.04,0.73,5.37,39.44,25.5,30.5,21.5,64.0,6.9
2019-07-03,18.25,60.9,18.61,21.1,0.7,4.98,33.59,25.4,30.8,21.4,64.0,6.9
2019-07-04,18.92,60.19,21.98,23.35,0.79,5.09,27.13,24.4,30.8,21.6,76.0,6.9
2019-07-05,20.9,57.46,19.92,23.66,0.7,5.03,25.86,23.7,30.3,21.2,79.0,6.9
2019-07-06,16.65,51.06,21.47,25.96,0.76,5.32,29.0,23.8,29.0,20.7,75.0,6.9
2019-07-07,19.38,68.71,18.38,21.55,0.75,5.3,32.8,24.5,28.6,20.7,67.0,6.9
2019-07-08,17.24,55.7,16.23,19.26,0.76,5.8,29.35,24.4,29.2,20.6,67.0,6.9
2019-07-09,19.53,46.87,16.78,20.78,0.86,5.41,25.43,23.8,29.5,20.0,74.0,6.9
2019-07-10,31.67,50.35,19.9,22.32,0.78,5.79,30.18,23.2,29.6,20.6,74.0,6.9
2019-07-11,23.49,61.32,24.25,24.61,0.84,7.22,31.66,24.2,29.4,20.2,69.0,6.9
2019-07-12,20.95,62.33,22.71,23.18,0.79,7.87,32.12,25.3,31.0,20.8,66.0,7.7
2019-07-13,20.39,57.91,21.27,22.77,0.75,6.01,32.55,25.2,31.2,21.0,70.0,6.9
2019-07-14,19.18,51.48,20.0,20.69,0.74,6.77,31.64,24.7,30.0,21.3,69.0,6.9
2019-07-15,17.84,47.39,21.24,21.59,0.8,5.93,32.19,24.2,30.8,21.4,78.0,6.6
2019-07-16,24.91,46.99,21.88,22.16,0.8,4.12,25.04,24.8,30.4,21.0,72.0,6.9
2019-07-17,26.83,55.0,24.84,26.64,0.82,3.9,25.39,24.8,30.3,21.0,73.0,6.8
2019-07-18,30.97,62.36,27.45,28.31,0.85,4.16,23.45,24.3,29.3,21.4,79.0,6.9
2019-07-19,18.98,37.85,22.61,22.72,0.67,4.42,22.89,23.6,28.4,21.6,78.0,6.3
2019-07-20,15.96,42.66,21.56,21.45,0.63,7.4,25.53,23.4,28.4,20.6,78.0,6.9
2019-07-21,19.24,41.46,23.64,25.39,0.67,7.96,25.98,23.0,27.7,20.6,83.0,6.3
2019-07-22,15.91,41.71,24.64,26.02,0.69,6.1,27.44,22.2,27.6,19.4,82.0,6.3
2019-07-23,19.14,41.62,23.99,25.31,0.75,3.98,24.3,22.0,26.0,19.2,84.0,6.9
2019-07-24,20.89,63.75,23.42,24.67,0.67,3.69,25.88,24.3,29.0,20.0,73.0,6.9
2019-07-25,20.67,53.24,23.58,24.76,0.77,3.63,23.94,23.8,29.5,21.3,80.0,6.9
2019-07-26,20.33,53.25,23.49,24.97,0.73,4.09,21.84,22.6,28.5,20.6,78.0,6.3
2019-07-27,23.21,50.99,20.93,19.66,0.64,3.87,24.81,24.1,27.8,20.4,72.0,6.9
2019-07-28,23.3,49.13,21.15,22.03,0.71,5.9,25.68,23.4,29.0,20.6,76.0,6.3
2019-07-29,18.61,56.25,19.89,21.39,0.68,3.82,25.3,23.4,28.2,20.8,79.0,6.9
2019-07-30,23.14,56.4,21.54,24.17,0.72,3.95,23.02,22.9,27.6,20.1,78.0,6.9
2019-07-31,26.99,47.37,21.64,21.49,0.66,3.58,23.67,24.2,29.4,19.8,69.0,6.9
2019-08-01,19.87,51.46,19.76,18.94,0.69,3.68,23.76,24.7,29.9,20.5,65.0,6.9
2019-08-02,18.45,52.16,22.04,23.57,0.75,4.34,21.7,23.6,30.4,20.5,72.0,6.3
2019-08-03,18.13,46.6,19.08,20.69,0.65,4.05,25.31,23.8,27.4,20.6,70.0,6.9
2019-08-04,16.26,41.66,17.21,20.51,0.69,4.08,23.02,24.4,28.8,21.0,71.0,8.9
2019-08-05,15.08,29.63,18.83,22.65,0.65,4.26,17.14,22.4,27.9,20.6,82.0,5.5
2019-08-06,14.76,30.58,20.9,24.66,0.71,4.38,18.42,21.8,25.6,20.0,85.0,6.3
2019-08-07,14.94,32.65,20.29,25.36,0.78,4.52,14.32,22.1,25.4,20.4,87.0,6.3
2019-08-08,14.31,27.28,19.56,22.47,0.67,4.1,14.25,22.0,25.2,20.8,88.0,6.9
2019-08-09,15.53,30.16,21.17,23.29,0.71,3.44,17.32,21.8,24.8,20.0,90.0,6.3
2019-08-10,13.63,38.48,22.07,24.99,0.72,3.53,18.47,22.7,25.6,19.8,83.0,6.3
